"id","hor","rec","cnt","pn"
"1001","2;3-bis(3'-hydroxybenzyl)butyrolactone","Q9YHT3;P49884;P06212;Q91424;P57717;Q53AD2;Q9TV98;P03372;Q9YHZ7;P49886;Q9QZJ5;P57753;P19785;P16058;P50240;Q9YH33;P50241;O42132;Q29040;P06211;P50242;P49885;Q9PVZ9;Q91250;P81559;O19009;O46402;Q5XXP1;Q5YFR8;Q68J65;Q69F36;Q6DUZ2;Q6DUZ3;Q6R008;Q6S4P5;Q6S9F0;Q6TGB3;Q6V7J4;Q6W5G5;Q6W5G6;Q6W5G7;Q6W5G9;Q7T2K8;Q800Q2;Q804Q6;Q8AYH0;Q8CGK8;Q8QHL0;Q8WNW9;Q90WH6;Q90WV1;Q90X52;Q95L13;Q9DDZ4;Q9H2M1;Q9H2M2;Q9I984;Q9TUX3","58","Non-peptide"
"1002","2-arachidonylglycerol","P47936","1","Non-peptide"
"1003","5-alpha-Dihydroprogesterone","Q9GLW0;P07812;P06401;P79373;Q00175;P06186;Q8AYI2;Q63449;Q28590;Q6Q6S5;Q8NG42;Q8NG43;Q8NG44;Q8TDS3;Q8UVY3","15","Non-peptide"
"1004","17-alpha-Hydroxyprogesterone","P06401;Q8NG42;Q8NG43;Q8NG44;Q8TDS3","5","Non-peptide"
"1005","17-alpha-hydroxy-progesterone caproate","P06401;P06186;P59667","3","Non-peptide"
"1006","17-Hydroxypregnenolone","Q8SQ01;O54915;Q9R1A7;Q8JIZ9;Q8QGH6;Q8SQ00;Q8SQ02","7","Non-peptide"
"1010","Aldosterone","P08235","1","Non-peptide"
"1015","Dihydrotestosterone","P10275;P15207","2","Non-peptide"
"1016","Androstenediol","Q9TT90;Q8MIK0;O97776;P10275;O97952;Q6QT55;P19091;O97775;O97960;Q9GKL7;P49699;Q7T1K4;P15207;O18925;O18928;O55065;O55066;O93244;O93245;O93497;O97607;O97608;O97622;O97667;O97684;O97900;P70048;Q13771;Q60GT9;Q60I32;Q689Y8;Q6EAL5;Q6TM07;Q76LM5;Q800S7;Q801Z1;Q801Z2;Q80XG7;Q8JH77;Q8MJ07;Q8QFV2;Q8QFV7;Q8SQ22;Q8UWB7;Q8UWB8;Q8UWF7;Q90ZC2;Q91426;Q91445;Q91698;Q95J10;Q95J36;Q95J38;Q9BE98;Q9BZG5;Q9BZG6;Q9BZG7;Q9DDJ4;Q9I8F5;Q9IA30;Q9NUA2;Q9PUL1;Q9PWG5;Q9UD95;Q9UKJ6;Q9UN21;Q9W6F4;Q9XS80;Q9YGV9","69","Non-peptide"
"1017","Androstenedione","Q9TT90;Q8MIK0;O97776;P10275;O97952;Q6QT55;P19091;O97775;O97960;Q9GKL7;P49699;Q7T1K4;P15207;O18925;O18928;O55065;O55066;O93244;O93245;O93497;O97607;O97608;O97622;O97667;O97684;O97900;P70048;Q13771;Q60GT9;Q60I32;Q689Y8;Q6EAL5;Q6TM07;Q76LM5;Q800S7;Q801Z1;Q801Z2;Q80XG7;Q8JH77;Q8MJ07;Q8QFV2;Q8QFV7;Q8SQ22;Q8UWB7;Q8UWB8;Q8UWF7;Q90ZC2;Q91426;Q91445;Q91698;Q95J10;Q95J36;Q95J38;Q9BE98;Q9BZG5;Q9BZG6;Q9BZG7;Q9DDJ4;Q9I8F5;Q9IA30;Q9NUA2;Q9PUL1;Q9PWG5;Q9UD95;Q9UKJ6;Q9UN21;Q9W6F4;Q9XS80;Q9YGV9","69","Non-peptide"
"1018","Androsterone","Q3SZL0;Q96RI1;Q60641;Q62735;Q811W9;Q811X0;Q811X1;Q811X2;Q8JHU2","9","Non-peptide"
"1019","Beclomethasone","P79686;Q6XLJ0;P49115;P04150;P06537;P49843;O73673;Q9N1U3;Q5R9P5;P59667;P06536;P79269;O13186;O46567;P35547;Q95267;P49844;Q3MSN1;Q3MSN4;O57353;Q28023;Q28551;Q28890;Q28981;Q6EDZ0;Q6IVJ3;Q6QB13;Q6RKQ3;Q6TN19;Q7TSX7;Q865Y6;Q8JHA4;Q8JHA5;Q8JJ90;Q8JJ91;Q8JJ92;Q98SJ1","37","Non-peptide"
"1020","Beclomethasone dipropionate","P79686;Q6XLJ0;P49115;P04150;P06537;P49843;O73673;Q9N1U3;Q5R9P5;P59667;P06536;P79269;O13186;O46567;P35547;Q95267;P49844;Q3MSN1;Q3MSN4;O57353;Q28023;Q28551;Q28890;Q28981;Q6EDZ0;Q6IVJ3;Q6QB13;Q6RKQ3;Q6TN19;Q7TSX7;Q865Y6;Q8JHA4;Q8JHA5;Q8JJ90;Q8JJ91;Q8JJ92;Q98SJ1","37","Non-peptide"
"1021","Betamethasone","P04150","1","Non-peptide"
"1022","Betamethasone 17-Valerate","P04150","1","Non-peptide"
"1023","betamethasone sodium phosphate","P04150","1","Non-peptide"
"1024","biochanin A","Q9YHT3;P49884;P06212;Q91424;P57717;Q53AD2;Q9TV98;P03372;Q9YHZ7;P49886;Q9QZJ5;P57753;P19785;P16058;P50240;Q9YH33;P50241;O42132;Q29040;P06211;P50242;P49885;Q9PVZ9;Q91250;P81559;Q9W669;Q9IAL9;O13012;Q9XSB5;Q95171;Q9PTU5;O93511;Q92731;Q9IAK1;Q9TTE5;P57781;O08537;P57782;Q9YH32;Q9XSW2;Q62986;Q9TU15;Q9W6M2;Q9PVE2;O97691;Q6H9M3;Q6H9M4;Q6H9M5;Q6KF56;Q6KF57;Q6KF58;Q6QDA2;Q6R006;Q6R007;Q6R7S4;Q6W5G8;Q6XSH2;Q70AM5;Q762D6;Q7T2K7;Q7ZU32;Q804Q7;Q864V2;Q8AV62;Q8JJB9;Q8K4S0;Q8QHK9;Q8UW75;Q90WS8;Q90WS9;Q90Z59;Q90ZE6;Q91Z86;Q923V1;Q95ME9;Q95MF0;Q98SM7;Q98SM8;Q9JM97;O19009;O46402;Q5XXP1;Q5YFR8;Q68J65;Q69F36;Q6DUZ2;Q6DUZ3;Q6R008;Q6S4P5;Q6S9F0;Q6TGB3;Q6V7J4;Q6W5G5;Q6W5G6;Q6W5G7;Q6W5G9;Q7T2K8;Q800Q2;Q804Q6;Q8AYH0;Q8CGK8;Q8QHL0;Q8WNW9;Q90WH6;Q90WV1;Q90X52;Q95L13;Q9DDZ4;Q9H2M1;Q9H2M2;Q9I984;Q9TUX3","112","Non-peptide"
"1025","bisphenol A","Q9YHT3;P49884;P06212;Q91424;P57717;Q53AD2;Q9TV98;P03372;Q9YHZ7;P49886;Q9QZJ5;P57753;P19785;P16058;P50240;Q9YH33;P50241;O42132;Q29040;P06211;P50242;P49885;Q9PVZ9;Q91250;P81559;Q9W669;Q9IAL9;O13012;Q9XSB5;Q95171;Q9PTU5;O93511;Q92731;Q9IAK1;Q9TTE5;P57781;O08537;P57782;Q9YH32;Q9XSW2;Q62986;Q9TU15;Q9W6M2;Q9PVE2;P57783;O19009;O46402;O73765;O97691;Q16095;Q16405;Q28231;Q5PR29;Q5XXP1;Q5YFR8;Q66N60;Q66N61;Q68J65;Q69F36;Q6DUZ2;Q6DUZ3;Q6H9M3;Q6H9M4;Q6H9M5;Q6KF56;Q6KF57;Q6KF58;Q6LAN9;Q6QDA2;Q6R006;Q6R007;Q6R008;Q6R7S4;Q6S4P5;Q6S9F0;Q6TGB3;Q6UZD7;Q6V7J4;Q6VU64;Q6W5G5;Q6W5G6;Q6W5G7;Q6W5G8;Q6W5G9;Q6XSH1;Q6XSH2;Q70AM5;Q71V40;Q71V41;Q762D6;Q765N6;Q765N7;Q7SZI0;Q7T2K7;Q7T2K8;Q7ZU32;Q800Q2;Q804Q6;Q804Q7;Q864V2;Q86B27;Q8AV62;Q8AYH0;Q8CGK8;Q8CGK9;Q8JJB9;Q8K4S0;Q8QHK9;Q8QHL0;Q8UW75;Q8UWA9;Q8UWB0;Q8WNW9;Q90WH6;Q90WS8;Q90WS9;Q90WV1;Q90X52;Q90Z59;Q90ZE6;Q90ZM8;Q91Z86;Q923V1;Q95L13;Q95ME9;Q95MF0;Q98SM7;Q98SM8;Q9DDE8;Q9DDJ3;Q9DDZ3;Q9DDZ4;Q9H1Z6;Q9H2M1;Q9H2M2;Q9I984;Q9JM97;Q9PT18;Q9QW39;Q9TUX3;Q9UBT1;Q9UE35","142","Non-peptide"
"1026","Budesonide","P04150","1","Non-peptide"
"1027","Chlorotrianisene","P03372","1","Non-peptide"
"1028","Clobetasol","P79686;Q6XLJ0;P49115;P04150;P06537;P49843;O73673;Q9N1U3;Q5R9P5;P59667;P06536;P79269;O13186;O46567;P35547;Q95267;P49844;Q3MSN1;Q3MSN4","19","Non-peptide"
"1029","Clobetasol propionate","P79686;Q6XLJ0;P49115;P04150;P06537;P49843;O73673;Q9N1U3;Q5R9P5;P59667;P06536;P79269;O13186;O46567;P35547;Q95267;P49844;Q3MSN1;Q3MSN4","19","Non-peptide"
"1032","Corticosterone","P79686;Q6XLJ0;P49115;P04150;P06537;P49843;O73673;Q9N1U3;Q5R9P5;P59667;P06536;P79269;O13186;O46567;P35547;Q95267;P49844;Q3MSN1;Q3MSN4;O57353;Q28023;Q28551;Q28890;Q28981;Q6EDZ0;Q6IVJ3;Q6QB13;Q6RKQ3;Q6TN19;Q7TSX7;Q865Y6;Q8JHA4;Q8JHA5;Q8JJ90;Q8JJ91;Q8JJ92;Q98SJ1","37","Non-peptide"
"1033","Cortisone","P79686;Q6XLJ0;P49115;P04150;P06537;P49843;O73673;Q9N1U3;Q5R9P5;P59667;P06536;P79269;O13186;O46567;P35547;Q95267;P49844;Q3MSN1;Q3MSN4;O57353;Q28023;Q28551;Q28890;Q28981;Q6EDZ0;Q6IVJ3;Q6QB13;Q6RKQ3;Q6TN19;Q7TSX7;Q865Y6;Q8JHA4;Q8JHA5;Q8JJ90;Q8JJ91;Q8JJ92;Q98SJ1","37","Non-peptide"
"1034","Coumestrol","P03372;Q92731;Q16095;Q16405;Q9H1Z6;Q9H2M1;Q9H2M2;Q9UBT1;Q9UE35","9","Non-peptide"
"1035","Daidzein","Q9W669;Q9IAL9;O13012;Q9XSB5;Q95171;Q9PTU5;O93511;Q92731;Q9IAK1;Q9TTE5;P57781;O08537;P57782;Q9YH32;Q9XSW2;Q62986;Q9TU15;Q9W6M2;Q9PVE2;Q9YHT3;P49884;P06212;Q91424;P57717;Q53AD2;Q9TV98;P03372;Q9YHZ7;P49886;Q9QZJ5;P57753;P19785;P16058;P50240;Q9YH33;P50241;O42132;Q29040;P06211;P50242;P49885;Q9PVZ9;Q91250;P81559;O97691;Q6H9M3;Q6H9M4;Q6H9M5;Q6KF56;Q6KF57;Q6KF58;Q6QDA2;Q6R006;Q6R007;Q6R7S4;Q6W5G8;Q6XSH2;Q70AM5;Q762D6;Q7T2K7;Q7ZU32;Q804Q7;Q864V2;Q8AV62;Q8JJB9;Q8K4S0;Q8QHK9;Q8UW75;Q90WS8;Q90WS9;Q90Z59;Q90ZE6;Q91Z86;Q923V1;Q95ME9;Q95MF0;Q98SM7;Q98SM8;Q9JM97;Q6W5G5;Q6W5G7","81","Non-peptide"
"1036","Dehydroepiandrosterone","Q95N78;O35507;Q07869;P23204;Q8HYL6;P37230;P37232;O75469;Q8SQ01;O54915;Q9R1A7;Q9YHT3;P49884;P06212;Q91424;P57717;Q53AD2;Q9TV98;P03372;Q9YHZ7;P49886;Q9QZJ5;P57753;P19785;P16058;P50240;Q9YH33;P50241;O42132;Q29040;P06211;P50242;P49885;Q9PVZ9;Q91250;P81559;Q9W669;Q9IAL9;O13012;Q9XSB5;Q95171;Q9PTU5;O93511;Q92731;Q9IAK1;Q9TTE5;P57781;O08537;P57782;Q9YH32;Q9XSW2;Q62986;Q9TU15;Q9W6M2;Q9PVE2;P57783;O75780;O97789;Q6IWG7;Q6QD84;Q7T031;Q8MJF2;Q8QGC1;Q9I8W4;Q8JIZ9;Q8QGH6;Q8SQ00;Q8SQ02;O19009;O46402;O73765;O97691;Q16095;Q16405;Q28231;Q5PR29;Q5XXP1;Q5YFR8;Q66N60;Q66N61;Q68J65;Q69F36;Q6DUZ2;Q6DUZ3;Q6H9M3;Q6H9M4;Q6H9M5;Q6KF56;Q6KF57;Q6KF58;Q6LAN9;Q6QDA2;Q6R006;Q6R007;Q6R008;Q6R7S4;Q6S4P5;Q6S9F0;Q6TGB3;Q6UZD7;Q6V7J4;Q6VU64;Q6W5G5;Q6W5G6;Q6W5G7;Q6W5G8;Q6W5G9;Q6XSH1;Q6XSH2;Q70AM5;Q71V40;Q71V41;Q762D6;Q765N6;Q765N7;Q7SZI0;Q7T2K7;Q7T2K8;Q7ZU32;Q800Q2;Q804Q6;Q804Q7;Q864V2;Q86B27;Q8AV62;Q8AYH0;Q8CGK8;Q8CGK9;Q8JJB9;Q8K4S0;Q8QHK9;Q8QHL0;Q8UW75;Q8UWA9;Q8UWB0;Q8WNW9;Q90WH6;Q90WS8;Q90WS9;Q90WV1;Q90X52;Q90Z59;Q90ZE6","165","Non-peptide"
"1037","Dehydrotestosterone","P10275","1","Non-peptide"
"1038","Desogestrel","P03372;P06401;Q9H2M1;Q9H2M2;Q6TZ07;Q6TZ08;Q8NG42;Q8NG44;Q8NG45;Q8TDS3","10","Non-peptide"
"1039","Desoximetasone","P79686;Q6XLJ0;P49115;P04150;P06537;P49843;O73673;Q9N1U3;Q5R9P5;P59667;P06536;P79269;O13186;O46567;P35547;Q95267;P49844;Q3MSN1;Q3MSN4;O57353;Q28023;Q28551;Q28890;Q28981;Q6EDZ0;Q6IVJ3;Q6QB13;Q6RKQ3;Q6TN19;Q7TSX7;Q865Y6;Q8JHA4;Q8JHA5;Q8JJ90;Q8JJ91;Q8JJ92;Q98SJ1","37","Non-peptide"
"1041","Desoxycorticosterone","P08235","1","Non-peptide"
"1042","Dexamethasone","P51843;P04150","2","Non-peptide"
"1044","DHEA sulfate","Q95N78;O35507;Q07869;P23204;Q8HYL6;P37230;P37232;Q0ZAQ8;Q03181;P35396;P37233;O18971;Q4U3Q4;P57797;P37231;O18924;P37238;O62807;O19052;O88275;P37234;O46477;O46478;O46479;O75780;O97789;Q6IWG7;Q6QD84;Q6R2I5;Q6TQE4;Q6UL13;Q6V0I8;Q7T029;Q7T030;Q7T031;Q866Q2;Q8MHZ0;Q8MJF2;Q8QGC0;Q8QGC1;Q8WMS4;Q90WP6;Q90Y02;Q90Z62;Q90Z66;Q90Z67;Q95J17;Q95KZ4;Q95KZ8;Q98SF8;Q99ND3;Q9I878;Q9I8W3;Q9I8W4;Q9PW01;Q9W712","56","Non-peptide"
"1045","Dienestrol","P03372","1","Non-peptide"
"1046","Diethylstilbestrol","P03372;P62510;P62508","3","Non-peptide"
"1051","Dydrogesterone","P06401","1","Non-peptide"
"1053","Ecdysterone","P17672;P13055;P17671;O01639;P50239;Q08893;P45447;P49880;P49881;P49882;P34021;O18473;O18531;P49883","14","Non-peptide"
"1054","Enterodiol","Q9YHT3;P49884;P06212;Q91424;P57717;Q53AD2;Q9TV98;P03372;Q9YHZ7;P49886;Q9QZJ5;P57753;P19785;P16058;P50240;Q9YH33;P50241;O42132;Q29040;P06211;P50242;P49885;Q9PVZ9;Q91250;P81559","25","Non-peptide"
"1057","Equilenin","P03372;Q92731;Q9H2M1;Q9H2M2","4","Non-peptide"
"1058","Equilin","P03372;Q92731;Q9H2M1;Q9H2M2","4","Non-peptide"
"1059","Equol","Q92731","1","Non-peptide"
"1060","Estetrol","Q9YHT3;P49884;P06212;Q91424;P57717;Q53AD2;Q9TV98;P03372;Q9YHZ7;P49886;Q9QZJ5;P57753;P19785;P16058;P50240;Q9YH33;P50241;O42132;Q29040;P06211;P50242;P49885;Q9PVZ9;Q91250;P81559;Q9W669;Q9IAL9;O13012;Q9XSB5;Q95171;Q9PTU5;O93511;Q92731;Q9IAK1;Q9TTE5;P57781;O08537;P57782;Q9YH32;Q9XSW2;Q62986;Q9TU15;Q9W6M2;Q9PVE2;P57783","45","Non-peptide"
"1061","Estradiol","P03372;Q92731;O75469","3","Non-peptide"
"1062","Estriol","P03372","1","Non-peptide"
"1063","Estrone","P03372","1","Non-peptide"
"1064","Ethinyl Estradiol","P03372;O75469","2","Non-peptide"
"1065","Ethylestrenol","Q9TT90;Q8MIK0;O97776;P10275;O97952;Q6QT55;P19091;O97775;O97960;Q9GKL7;P49699;Q7T1K4;P15207;O18925;O18928;O55065;O55066;O93244;O93245;O93497;O97607;O97608;O97622;O97667;O97684;O97900;P70048;Q13771;Q60GT9;Q60I32;Q689Y8;Q6EAL5;Q6TM07;Q76LM5;Q800S7;Q801Z1;Q801Z2;Q80XG7;Q8JH77;Q8MJ07;Q8QFV2;Q8QFV7;Q8SQ22;Q8UWB7;Q8UWB8;Q8UWF7;Q90ZC2;Q91426;Q91445;Q91698;Q95J10;Q95J36;Q95J38;Q9BE98;Q9BZG5;Q9BZG6;Q9BZG7;Q9DDJ4;Q9I8F5;Q9IA30;Q9NUA2;Q9PUL1;Q9PWG5;Q9UD95;Q9UKJ6;Q9UN21;Q9W6F4;Q9XS80;Q9YGV9","69","Non-peptide"
"1068","Fluocinolone Acetonide","P79686;Q6XLJ0;P49115;P04150;P06537;P49843;O73673;Q9N1U3;Q5R9P5;P59667;P06536;P79269;O13186;O46567;P35547;Q95267;P49844;Q3MSN1;Q3MSN4;O57353;Q28023;Q28551;Q28890;Q28981;Q6EDZ0;Q6IVJ3;Q6QB13;Q6RKQ3;Q6TN19;Q7TSX7;Q865Y6;Q8JHA4;Q8JHA5;Q8JJ90;Q8JJ91;Q8JJ92;Q98SJ1","37","Non-peptide"
"1069","Fluocinonide","P79686;Q6XLJ0;P49115;P04150;P06537;P49843;O73673;Q9N1U3;Q5R9P5;P59667;P06536;P79269;O13186;O46567;P35547;Q95267;P49844;Q3MSN1;Q3MSN4;O57353;Q28023;Q28551;Q28890;Q28981;Q6EDZ0;Q6IVJ3;Q6QB13;Q6RKQ3;Q6TN19;Q7TSX7;Q865Y6;Q8JHA4;Q8JHA5;Q8JJ90;Q8JJ91;Q8JJ92;Q98SJ1","37","Non-peptide"
"1071","Fluorometholone","P59667","1","Non-peptide"
"1072","Fluoxymesterone","P03372;P10275","2","Non-peptide"
"1074","Flurandrenolone","P79686;Q6XLJ0;P49115;P04150;P06537;P49843;O73673;Q9N1U3;Q5R9P5;P59667;P06536;P79269;O13186;O46567;P35547;Q95267;P49844;Q3MSN1;Q3MSN4;O57353;Q28023;Q28551;Q28890;Q28981;Q6EDZ0;Q6IVJ3;Q6QB13;Q6RKQ3;Q6TN19;Q7TSX7;Q865Y6;Q8JHA4;Q8JHA5;Q8JJ90;Q8JJ91;Q8JJ92;Q98SJ1","37","Non-peptide"
"1075","Formononetin","P62510;Q9YHT3;P49884;P06212;Q91424;P57717;Q53AD2;Q9TV98;P03372;Q9YHZ7;P49886;Q9QZJ5;P57753;P19785;P16058;P50240;Q9YH33;P50241;O42132;Q29040;P06211;P50242;P49885;Q9PVZ9;Q91250;P81559;Q9W669;Q9IAL9;O13012;Q9XSB5;Q95171;Q9PTU5;O93511;Q92731;Q9IAK1;Q9TTE5;P57781;O08537;P57782;Q9YH32;Q9XSW2;Q62986;Q9TU15;Q9W6M2;Q9PVE2;O19009;O46402;Q5XXP1;Q5YFR8;Q68J65;Q69F36;Q6DUZ2;Q6DUZ3;Q6R008;Q6S4P5;Q6S9F0;Q6TGB3;Q6V7J4;Q6W5G5;Q6W5G6;Q6W5G7;Q6W5G9;Q7T2K8;Q800Q2;Q804Q6;Q8AYH0;Q8CGK8;Q8QHL0;Q8WNW9;Q90WH6;Q90WV1;Q90X52;Q95L13;Q9DDZ4;Q9H2M1;Q9H2M2;Q9I984;Q9TUX3;O97691;Q6H9M3;Q6H9M4;Q6H9M5;Q6KF56;Q6KF57;Q6KF58;Q6QDA2;Q6R006;Q6R007;Q6R7S4;Q6W5G8;Q6XSH2;Q70AM5;Q762D6;Q7T2K7;Q7ZU32;Q804Q7;Q864V2;Q8AV62;Q8JJB9;Q8K4S0;Q8QHK9;Q8UW75;Q90WS8;Q90WS9;Q90Z59;Q90ZE6;Q91Z86;Q923V1;Q95ME9;Q95MF0;Q98SM7;Q98SM8;Q9JM97","113","Non-peptide"
"1076","Genistein","Q92731","1","Non-peptide"
"1077","Gestodene","Q9GLW0;P07812;P06401;P79373;Q00175;P06186;Q8AYI2;Q63449;Q28590;O18972;O18991;O19008;O42274;O62758;Q28547;Q28854;Q29398;Q62629;Q63879;Q690N0;Q6S9F2;Q6TZ07;Q6TZ08;Q765N5;Q7T3K4;Q80XZ9;Q863K6;Q8MIL9;Q8NG42;Q8NG44;Q8NG45;Q8TDS3;Q91425;Q923G6;Q9DDU9;Q9DEV4;Q9IBD5;Q9N0K3","38","Non-peptide"
"1079","Glycitein","Q9YHT3;P49884;P06212;Q91424;P57717;Q53AD2;Q9TV98;P03372;Q9YHZ7;P49886;Q9QZJ5;P57753;P19785;P16058;P50240;Q9YH33;P50241;O42132;Q29040;P06211;P50242;P49885;Q9PVZ9;Q91250;P81559;Q9W669;Q6KF58;O19009;O46402;Q5XXP1;Q5YFR8;Q68J65;Q69F36;Q6DUZ2;Q6DUZ3;Q6R008;Q6S4P5;Q6S9F0;Q6TGB3;Q6V7J4;Q6W5G5;Q6W5G6;Q6W5G7;Q6W5G9;Q7T2K8;Q800Q2;Q804Q6;Q8AYH0;Q8CGK8;Q8QHL0;Q8WNW9;Q90WH6;Q90WV1;Q90X52;Q95L13;Q9DDZ4;Q9H2M1;Q9H2M2;Q9I984;Q9TUX3","60","Non-peptide"
"1080","Hexestrol","Q9YHT3;P49884;P06212;Q91424;P57717;Q53AD2;Q9TV98;P03372;Q9YHZ7;P49886;Q9QZJ5;P57753;P19785;P16058;P50240;Q9YH33;P50241;O42132;Q29040;P06211;P50242;P49885;Q9PVZ9;Q91250;P81559;Q9W669;Q9IAL9;O13012;Q9XSB5;Q95171;Q9PTU5;O93511;Q92731;Q9IAK1;Q9TTE5;P57781;O08537;P57782;Q9YH32;Q9XSW2;Q62986;Q9TU15;Q9W6M2;Q9PVE2;P57783;O19009;O46402;O73765;O97691;Q16095;Q16405;Q28231;Q5PR29;Q5XXP1;Q5YFR8;Q66N60;Q66N61;Q68J65;Q69F36;Q6DUZ2;Q6DUZ3;Q6H9M3;Q6H9M4;Q6H9M5;Q6KF56;Q6KF57;Q6KF58;Q6LAN9;Q6QDA2;Q6R006;Q6R007;Q6R008;Q6R7S4;Q6S4P5;Q6S9F0;Q6TGB3;Q6UZD7;Q6V7J4;Q6VU64;Q6W5G5;Q6W5G6;Q6W5G7;Q6W5G8;Q6W5G9;Q6XSH1;Q6XSH2;Q70AM5;Q71V40;Q71V41;Q762D6;Q765N6;Q765N7;Q7SZI0;Q7T2K7;Q7T2K8;Q7ZU32;Q800Q2;Q804Q6;Q804Q7;Q864V2;Q86B27;Q8AV62;Q8AYH0;Q8CGK8;Q8CGK9;Q8JJB9;Q8K4S0;Q8QHK9;Q8QHL0;Q8UW75;Q8UWA9;Q8UWB0;Q8WNW9;Q90WH6;Q90WS8;Q90WS9;Q90WV1;Q90X52;Q90Z59;Q90ZE6;Q90ZM8;Q91Z86;Q923V1;Q95L13;Q95ME9;Q95MF0;Q98SM7;Q98SM8;Q9DDE8;Q9DDJ3;Q9DDZ3;Q9DDZ4;Q9H1Z6;Q9H2M1;Q9H2M2;Q9I984;Q9JM97;Q9PT18;Q9QW39;Q9TUX3;Q9UBT1;Q9UE35","142","Non-peptide"
"1081","Hydrocortisone","P04150","1","Non-peptide"
"1082","Triiodothyronine","P10827;P10828;P37243","3","Non-peptide"
"1083","Melatonin","P03372;P48039","2","Non-peptide"
"1086","Mesterolone","Q9TT90;Q8MIK0;O97776;P10275;O97952;Q6QT55;P19091;O97775;O97960;Q9GKL7;P49699;Q7T1K4;P15207;O18925;O18928;O55065;O55066;O93244;O93245;O93497;O97607;O97608;O97622;O97667;O97684;O97900;P70048;Q13771;Q60GT9;Q60I32;Q689Y8;Q6EAL5;Q6TM07;Q76LM5;Q800S7;Q801Z1;Q801Z2;Q80XG7;Q8JH77;Q8MJ07;Q8QFV2;Q8QFV7;Q8SQ22;Q8UWB7;Q8UWB8;Q8UWF7;Q90ZC2;Q91426;Q91445;Q91698;Q95J10;Q95J36;Q95J38;Q9BE98;Q9BZG5;Q9BZG6;Q9BZG7;Q9DDJ4;Q9I8F5;Q9IA30;Q9NUA2;Q9PUL1;Q9PWG5;Q9UD95;Q9UKJ6;Q9UN21;Q9W6F4;Q9XS80;Q9YGV9","69","Non-peptide"
"1087","Mestranol","P03372","1","Non-peptide"
"1089","Methandrostenolone","P15207","1","Non-peptide"
"1091","Methylprednisolone","P04150","1","Non-peptide"
"1092","Methylprednisolone Hemisuccinate","P04150","1","Non-peptide"
"1093","Methylprednisolone sodium succinate","P04150","1","Non-peptide"
"1094","Methyltestosterone","Q9TT90;Q8MIK0;O97776;P10275;O97952;Q6QT55;P19091;O97775;O97960;Q9GKL7;P49699;Q7T1K4;P15207","13","Non-peptide"
"1095","Nandrolone","P10275","1","Non-peptide"
"1098","Oxandrolone","P10275","1","Non-peptide"
"1099","Oxymetholone","Q9TT90;Q8MIK0;O97776;P10275;O97952;Q6QT55;P19091;O97775;O97960;Q9GKL7;P49699;Q7T1K4;P15207;O18925;O18928;O55065;O55066;O93244;O93245;O93497;O97607;O97608;O97622;O97667;O97684;O97900;P70048;Q13771;Q60GT9;Q60I32;Q689Y8;Q6EAL5;Q6TM07;Q76LM5;Q800S7;Q801Z1;Q801Z2;Q80XG7;Q8JH77;Q8MJ07;Q8QFV2;Q8QFV7;Q8SQ22;Q8UWB7;Q8UWB8;Q8UWF7;Q90ZC2;Q91426;Q91445;Q91698;Q95J10;Q95J36;Q95J38;Q9BE98;Q9BZG5;Q9BZG6;Q9BZG7;Q9DDJ4;Q9I8F5;Q9IA30;Q9NUA2;Q9PUL1;Q9PWG5;Q9UD95;Q9UKJ6;Q9UN21;Q9W6F4;Q9XS80;Q9YGV9","69","Non-peptide"
"1102","Prednicarbate","P79686;Q6XLJ0;P49115;P04150;P06537;P49843;O73673;Q9N1U3;Q5R9P5;P59667;P06536;P79269;O13186;O46567;P35547;Q95267;P49844;Q3MSN1;Q3MSN4;057353;Q28023;Q28551;Q28890;Q28981;Q6EDZ0;Q6IVJ3;Q6QB13;Q6RKQ3;Q6TN19;Q7TSX7;Q865Y6;Q8JHA4;Q8JHA5;Q8JJ90;Q8JJ91;Q8JJ92;Q98SJ1","37","Non-peptide"
"1103","Prednisolone","P79686;Q6XLJ0;P49115;P04150;P06537;P49843;O73673;Q9N1U3;Q5R9P5;P59667;P06536;P79269;O13186;O46567;P35547;Q95267;P49844;Q3MSN1;Q3MSN4;057353;Q28023;Q28551;Q28890;Q28981;Q6EDZ0;Q6IVJ3;Q6QB13;Q6RKQ3;Q6TN19;Q7TSX7;Q865Y6;Q8JHA4;Q8JHA5;Q8JJ90;Q8JJ91;Q8JJ92;Q98SJ1","37","Non-peptide"
"1104","Prednisone","P04150","1","Non-peptide"
"1105","Pregnanediol","A3F8U8;Q9GYU4;Q9ARY7;A6H6R7;Q0VEX8;Q14AH9;Q53WT3;Q543Z0;Q544F7;Q544G1;Q5SUU4;Q5SUU5;Q8BHM6;Q8C446;Q8C7N0;Q8CAB3;Q9JLE7;Q9JLE8;Q9JLE9","19","Non-peptide"
"1106","Pregnanetriol","P79686;Q6XLJ0;P49115;P04150;P06537;P49843;O73673;Q9N1U3;Q5R9P5;P59667;P06536;P79269;O13186;O46567;P35547;Q95267;P49844;Q3MSN1;Q3MSN4;O57353;Q28023;Q28551;Q28890;Q28981;Q6EDZ0;Q6IVJ3;Q6QB13;Q6RKQ3;Q6TN19;Q7TSX7;Q865Y6;Q8JHA4;Q8JHA5;Q8JJ90;Q8JJ91;Q8JJ92;Q98SJ1","37","Non-peptide"
"1107","Pregnenolone","P79686;Q6XLJ0;P49115;P04150;P06537;P49843;O73673;Q9N1U3;Q5R9P5;P59667;P06536;P79269;O13186;O46567;P35547;Q95267;P49844;O75469;Q8SQ01;O54915;Q9R1A7;O57353;Q28023;Q28551;Q28890;Q28981;Q6EDZ0;Q6IVJ3;Q6QB13;Q6RKQ3;Q6TN19;Q7TSX7;Q865Y6;Q8JHA4;Q8JHA5;Q8JJ90;Q8JJ91;Q8JJ92;Q98SJ1","39","Non-peptide"
"1108","Progestrone","P03372;P06401","2","Non-peptide"
"1109","Quinestrol","P03372","1","Non-peptide"
"1112","Stanozolol","P15207","1","Non-peptide"
"1113","Testosterone","P10275","1","Non-peptide"
"1114","Testosterone 17 beta-cypionate","Q9TT90;Q8MIK0;O97776;P10275;O97952;Q6QT55;P19091;O97775;O97960;Q9GKL7;P49699;Q7T1K4;P15207;O18925;O18928;O55065;O55066;O93244;O93245;O93497;O97607;O97608;O97622;O97667;O97684;O97900;P70048;Q13771;Q60GT9;Q60I32;Q689Y8;Q6EAL5;Q6TM07;Q76LM5;Q800S7;Q801Z1;Q801Z2;Q80XG7;Q8JH77;Q8MJ07;Q8QFV2;Q8QFV7;Q8SQ22;Q8UWB7;Q8UWB8;Q8UWF7;Q90ZC2;Q91426;Q91445;Q91698;Q95J10;Q95J36;Q95J38;Q9BE98;Q9BZG5;Q9BZG6;Q9BZG7;Q9DDJ4;Q9I8F5;Q9IA30;Q9NUA2;Q9PUL1;Q9PWG5;Q9UD95;Q9UKJ6;Q9UN21;Q9W6F4;Q9XS80;Q9YGV9","69","Non-peptide"
"1115","Testosterone Propionate","Q9TT90;Q8MIK0;O97776;P10275;O97952;Q6QT55;P19091;O97775;O97960;Q9GKL7;P49699;Q7T1K4;P15207;O18925;O18928;O55065;O55066;O93244;O93245;O93497;O97607;O97608;O97622;O97667;O97684;O97900;P70048;Q13771;Q60GT9;Q60I32;Q689Y8;Q6EAL5;Q6TM07;Q76LM5;Q800S7;Q801Z1;Q801Z2;Q80XG7;Q8JH77;Q8MJ07;Q8QFV2;Q8QFV7;Q8SQ22;Q8UWB7;Q8UWB8;Q8UWF7;Q90ZC2;Q91426;Q91445;Q91698;Q95J10;Q95J36;Q95J38;Q9BE98;Q9BZG5;Q9BZG6;Q9BZG7;Q9DDJ4;Q9I8F5;Q9IA30;Q9NUA2;Q9PUL1;Q9PWG5;Q9UD95;Q9UKJ6;Q9UN21;Q9W6F4;Q9XS80;Q9YGV9","69","Non-peptide"
"1116","L-thyroxine","P10828;P10827","2","Non-peptide"
"1117","Trenbolone","Q9TT90;Q8MIK0;O97776;P10275;O97952;Q6QT55;P19091;O97775;O97960;Q9GKL7;P49699;Q7T1K4;P15207;O18925;O18928;O55065;O55066;O93244;O93245;O93497;O97607;O97608;O97622;O97667;O97684;O97900;P70048;Q13771;Q60GT9;Q60I32;Q689Y8;Q6EAL5;Q6TM07;Q76LM5;Q800S7;Q801Z1;Q801Z2;Q80XG7;Q8JH77;Q8MJ07;Q8QFV2;Q8QFV7;Q8SQ22;Q8UWB7;Q8UWB8;Q8UWF7;Q90ZC2;Q91426;Q91445;Q91698;Q95J10;Q95J36;Q95J38;Q9BE98;Q9BZG5;Q9BZG6;Q9BZG7;Q9DDJ4;Q9I8F5;Q9IA30;Q9NUA2;Q9PUL1;Q9PWG5;Q9UD95;Q9UKJ6;Q9UN21;Q9W6F4;Q9XS80;Q9YGV9","69","Non-peptide"
"1118","Trenbolone acetate","Q9TT90;Q8MIK0;O97776;P10275;O97952;Q6QT55;P19091;O97775;O97960;Q9GKL7;P49699;Q7T1K4;P15207;O18925;O18928;O55065;O55066;O93244;O93245;O93497;O97607;O97608;O97622;O97667;O97684;O97900;P70048;Q13771;Q60GT9;Q60I32;Q689Y8;Q6EAL5;Q6TM07;Q76LM5;Q800S7;Q801Z1;Q801Z2;Q80XG7;Q8JH77;Q8MJ07;Q8QFV2;Q8QFV7;Q8SQ22;Q8UWB7;Q8UWB8;Q8UWF7;Q90ZC2;Q91426;Q91445;Q91698;Q95J10;Q95J36;Q95J38;Q9BE98;Q9BZG5;Q9BZG6;Q9BZG7;Q9DDJ4;Q9I8F5;Q9IA30;Q9NUA2;Q9PUL1;Q9PWG5;Q9UD95;Q9UKJ6;Q9UN21;Q9W6F4;Q9XS80;Q9YGV9","69","Non-peptide"
"1119","Triamcinolone","P79686;Q6XLJ0;P49115;P04150;P06537;P49843;O73673;Q9N1U3;Q5R9P5;P59667;P06536;P79269;O13186;O46567;P35547;Q95267;P49844;Q3MSN1;Q3MSN4;O57353;Q28023;Q28551;Q28890;Q28981;Q6EDZ0;Q6IVJ3;Q6QB13;Q6RKQ3;Q6TN19;Q7TSX7;Q865Y6;Q8JHA4;Q8JHA5;Q8JJ90;Q8JJ91;Q8JJ92;Q98SJ1","37","Non-peptide"
"1120","Triamcinolone Acetonide","P79686;Q6XLJ0;P49115;P04150;P06537;P49843;O73673;Q9N1U3;Q5R9P5;P59667;P06536;P79269;O13186;O46567;P35547;Q95267;P49844;Q3MSN1;Q3MSN4;O57353;Q28023;Q28551;Q28890;Q28981;Q6EDZ0;Q6IVJ3;Q6QB13;Q6RKQ3;Q6TN19;Q7TSX7;Q865Y6;Q8JHA4;Q8JHA5;Q8JJ90;Q8JJ91;Q8JJ92;Q98SJ1","37","Non-peptide"
"1123","Zearalenone","Q9YHT3;P49884;P06212;Q91424;P57717;Q53AD2;Q9TV98;P03372;Q9YHZ7;P49886;Q9QZJ5;P57753;P19785;P16058;P50240;Q9YH33;P50241;O42132;Q29040;P06211;P50242;P49885;Q9PVZ9;Q91250;P81559;Q9W669;Q9IAL9;O13012;Q9XSB5;Q95171;Q9PTU5;O93511;Q92731;Q9IAK1;Q9TTE5;P57781;O08537;P57782;Q9YH32;Q9XSW2;Q62986;Q9TU15;Q9W6M2;Q9PVE2;P57783;O75469;O19009;O46402;O73765;O97691;Q16095;Q16405;Q28231;Q5PR29;Q5XXP1;Q5YFR8;Q66N60;Q66N61;Q68J65;Q69F36;Q6DUZ2;Q6DUZ3;Q6H9M3;Q6H9M4;Q6H9M5;Q6KF56;Q6KF57;Q6KF58;Q6LAN9;Q6QDA2;Q6R006;Q6R007;Q6R008;Q6R7S4;Q6S4P5;Q6S9F0;Q6TGB3;Q6UZD7;Q6V7J4;Q6VU64;Q6W5G5;Q6W5G6;Q6W5G7;Q6W5G8;Q6W5G9;Q6XSH1;Q6XSH2;Q70AM5;Q71V40;Q71V41;Q762D6;Q765N6;Q765N7;Q7SZI0;Q7T2K7;Q7T2K8;Q7ZU32;Q800Q2;Q804Q6;Q804Q7;Q864V2;Q86B27;Q8AV62;Q8AYH0;Q8CGK8;Q8CGK9;Q8JJB9;Q8K4S0;Q8QHK9;Q8QHL0;Q8UW75;Q8UWA9;Q8UWB0;Q8WNW9;Q90WH6;Q90WS8;Q90WS9;Q90WV1;Q90X52;Q90Z59;Q90ZE6;Q90ZM8;Q91Z86;Q923V1;Q95L13;Q95ME9;Q95MF0;Q98SM7;Q98SM8;Q9DDE8;Q9DDJ3;Q9DDZ3;Q9DDZ4;Q9H1Z6;Q9H2M1;Q9H2M2;Q9I984;Q9JM97;Q9PT18;Q9QW39;Q9TUX3;Q9UBT1;Q9UE35","143","Non-peptide"
"1124","Zeranol","Q9YHT3;P49884;P06212;Q91424;P57717;Q53AD2;Q9TV98;P03372;Q9YHZ7;P49886;Q9QZJ5;P57753;P19785;P16058;P50240;Q9YH33;P50241;O42132;Q29040;P06211;P50242;P49885;Q9PVZ9;Q91250;P81559;Q9W669;Q9IAL9;O13012;Q9XSB5;Q95171;Q9PTU5;O93511;Q92731;Q9IAK1;Q9TTE5;P57781;O08537;P57782;Q9YH32;Q9XSW2;Q62986;Q9TU15;Q9W6M2;Q9PVE2;P57783;O19009;O46402;O73765;O97691;Q16095;Q16405;Q28231;Q5PR29;Q5XXP1;Q5YFR8;Q66N60;Q66N61;Q68J65;Q69F36;Q6DUZ2;Q6DUZ3;Q6H9M3;Q6H9M4;Q6H9M5;Q6KF56;Q6KF57;Q6KF58;Q6LAN9;Q6QDA2;Q6R006;Q6R007;Q6R008;Q6R7S4;Q6S4P5;Q6S9F0;Q6TGB3;Q6UZD7;Q6V7J4;Q6VU64;Q6W5G5;Q6W5G6;Q6W5G7;Q6W5G8;Q6W5G9;Q6XSH1;Q6XSH2;Q70AM5;Q71V40;Q71V41;Q762D6;Q765N6;Q765N7;Q7SZI0;Q7T2K7;Q7T2K8;Q7ZU32;Q800Q2;Q804Q6;Q804Q7;Q864V2;Q86B27;Q8AV62;Q8AYH0;Q8CGK8;Q8CGK9;Q8JJB9;Q8K4S0;Q8QHK9;Q8QHL0;Q8UW75;Q8UWA9;Q8UWB0;Q8WNW9;Q90WH6;Q90WS8;Q90WS9;Q90WV1;Q90X52;Q90Z59;Q90ZE6;Q90ZM8;Q91Z86;Q923V1;Q95L13;Q95ME9;Q95MF0;Q98SM7;Q98SM8;Q9DDE8;Q9DDJ3;Q9DDZ3;Q9DDZ4;Q9H1Z6;Q9H2M1;Q9H2M2;Q9I984;Q9JM97;Q9PT18;Q9QW39;Q9TUX3;Q9UBT1;Q9UE35","142","Non-peptide"
"1126","18-oxocortisol","Q3YC04;Q8QHI2;P08235;Q8VII8;Q9IAC6;P79404;P22199;Q4JM28;Q9N0W8;Q9BDJ7;Q29131;Q91573;Q5WP01;Q5WP02;Q5WP05;Q6LAJ2;Q6XLI8;Q6XLI9;Q8JJ89","19","Non-peptide"
"1128","Tetrahydrocorticosterone","P79686;Q6XLJ0;P49115;P04150;P06537;P49843;O73673;Q9N1U3;Q5R9P5;P59667;P06536;P79269;O13186;O46567;P35547;Q95267;P49844;Q3MSN1;Q3MSN4;O57353;Q28023;Q28551;Q28890;Q28981;Q6EDZ0;Q6IVJ3;Q6QB13;Q6RKQ3;Q6TN19;Q7TSX7;Q865Y6;Q8JHA4;Q8JHA5;Q8JJ90;Q8JJ91;Q8JJ92;Q98SJ1","37","Non-peptide"
"1137","Sitosterol","Q9YHT3;P49884;P06212;Q91424;P57717;Q53AD2;Q9TV98;P03372;Q9YHZ7;P49886;Q9QZJ5;P57753;P19785;P16058;P50240;Q9YH33;P50241;O42132;Q29040;P06211;P50242;P49885;Q9PVZ9;Q91250;P81559;Q9W669;Q9IAL9;O13012;Q9XSB5;Q95171;Q9PTU5;O93511;Q92731;Q9IAK1;Q9TTE5;P57781;O08537;P57782;Q9YH32;Q9XSW2;Q62986;Q9TU15;Q9W6M2;Q9PVE2;O19009;O46402;Q5XXP1;Q5YFR8;Q68J65;Q69F36;Q6DUZ2;Q6DUZ3;Q6R008;Q6S4P5;Q6S9F0;Q6TGB3;Q6V7J4;Q6W5G5;Q6W5G6;Q6W5G7;Q6W5G9;Q7T2K8;Q800Q2;Q804Q6;Q8AYH0;Q8CGK8;Q8QHL0;Q8WNW9;Q90WH6;Q90WV1;Q90X52;Q95L13;Q9DDZ4;Q9H2M1;Q9H2M2;Q9I984;Q9TUX3;O97691;Q6H9M3;Q6H9M4;Q6H9M5;Q6KF56;Q6KF57;Q6KF58;Q6QDA2;Q6R006;Q6R007;Q6R7S4;Q6W5G8;Q6XSH2;Q70AM5;Q762D6;Q7T2K7;Q7ZU32;Q804Q7;Q864V2;Q8AV62;Q8JJB9;Q8K4S0;Q8QHK9;Q8UW75;Q90WS8;Q90WS9;Q90Z59;Q90ZE6;Q91Z86;Q923V1;Q95ME9;Q95MF0;Q98SM7;Q98SM8;Q9JM97","112","Non-peptide"
"1149","3a;20b-Pregnanediol","A3F8U8;Q9GYU4;Q9ARY7;A6H6R7;Q0VEX8;Q14AH9;Q53WT3;Q543Z0;Q544F7;Q544G1;Q5SUU4;Q5SUU5;Q8BHM6;Q8C446;Q8C7N0;Q8CAB3;Q9JLE7;Q9JLE8;Q9JLE9","19","Non-peptide"
"1156","22-hydroxycholesterol","Q3SZL0;Q96RI1;Q60641;Q62735;Q811W9;Q811X0;Q811X1;Q811X2;Q8JHU2","9","Non-peptide"
"1167","17-Epiestriol","Q9W669;Q9IAL9;O13012;Q9XSB5;Q95171;Q9PTU5;O93511;Q92731;Q9IAK1;Q9TTE5;P57781;O08537;P57782;Q9YH32;Q9XSW2;Q62986;Q9TU15;Q9W6M2;Q9PVE2;O97691;Q6H9M3;Q6H9M4;Q6H9M5;Q6KF56;Q6KF57;Q6KF58;Q6QDA2;Q6R006;Q6R007;Q6R7S4;Q6W5G8;Q6XSH2;Q70AM5;Q762D6;Q7T2K7;Q7ZU32;Q804Q7;Q864V2;Q8AV62;Q8JJB9;Q8K4S0;Q8QHK9;Q8UW75;Q90WS8;Q90WS9;Q90Z59;Q90ZE6;Q91Z86;Q923V1;Q95ME9;Q95MF0;Q98SM7;Q98SM8;Q9JM97","54","Non-peptide"
"1172","2-methoxyestradiol","Q9YHT3;P49884;P06212;Q91424;P57717;Q53AD2;Q9TV98;P03372;Q9YHZ7;P49886;Q9QZJ5;P57753;P19785;P16058;P50240;Q9YH33;P50241;O42132;Q29040;P06211;P50242;P49885;Q9PVZ9;Q91250;P81559;Q9W669;Q9IAL9;O13012;Q9XSB5;Q95171;Q9PTU5;O93511;Q92731;Q9IAK1;Q9TTE5;P57781;O08537;P57782;Q9YH32;Q9XSW2;Q62986;Q9TU15;Q9W6M2;Q9PVE2;P57783;O19009;O46402;O73765;O97691;Q16095;Q16405;Q28231;Q5PR29;Q5XXP1;Q5YFR8;Q66N60;Q66N61;Q68J65;Q69F36;Q6DUZ2;Q6DUZ3;Q6H9M3;Q6H9M4;Q6H9M5;Q6KF56;Q6KF57;Q6KF58;Q6LAN9;Q6QDA2;Q6R006;Q6R007;Q6R008;Q6R7S4;Q6S4P5;Q6S9F0;Q6TGB3;Q6UZD7;Q6V7J4;Q6VU64;Q6W5G5;Q6W5G6;Q6W5G7;Q6W5G8;Q6W5G9;Q6XSH1;Q6XSH2;Q70AM5;Q71V40;Q71V41;Q762D6;Q765N6;Q765N7;Q7SZI0;Q7T2K7;Q7T2K8;Q7ZU32;Q800Q2;Q804Q6;Q804Q7;Q864V2;Q86B27;Q8AV62;Q8AYH0;Q8CGK8;Q8CGK9;Q8JJB9;Q8K4S0;Q8QHK9;Q8QHL0;Q8UW75;Q8UWA9;Q8UWB0;Q8WNW9;Q90WH6;Q90WS8;Q90WS9;Q90WV1;Q90X52;Q90Z59;Q90ZE6;Q90ZM8;Q91Z86;Q923V1;Q95L13;Q95ME9;Q95MF0;Q98SM7;Q98SM8;Q9DDE8;Q9DDJ3;Q9DDZ3;Q9DDZ4;Q9H1Z6;Q9H2M1;Q9H2M2;Q9I984;Q9JM97;Q9PT18;Q9QW39;Q9TUX3;Q9UBT1;Q9UE35","142","Non-peptide"
"1177","3beta androstanediol","Q9W669;Q9IAL9;O13012;Q9XSB5;Q95171;Q9PTU5;O93511;Q92731;Q9IAK1;Q9TTE5;P57781;O08537;P57782;Q9YH32;Q9XSW2;Q62986;Q9TU15;Q9W6M2;Q9PVE2;O97691;Q6H9M3;Q6H9M4;Q6H9M5;Q6KF56;Q6KF57;Q6KF58;Q6QDA2;Q6R006;Q6R007;Q6R7S4;Q6W5G8;Q6XSH2;Q70AM5;Q762D6;Q7T2K7;Q7ZU32;Q804Q7;Q864V2;Q8AV62;Q8JJB9;Q8K4S0;Q8QHK9;Q8UW75;Q90WS8;Q90WS9;Q90Z59;Q90ZE6;Q91Z86;Q923V1;Q95ME9;Q95MF0;Q98SM7;Q98SM8;Q9JM97","54","Non-peptide"
"1182","Cholesteryl sulfate","P35398","1","Non-peptide"
"1185","Taurodeoxycholic Acid","Q3SZL0;Q96RI1;Q60641;Q62735","4","Non-peptide"
"1187","Taurochenodeoxycholic Acid","Q3SZL0;Q96RI1;Q60641;Q62735","4","Non-peptide"
"1198","Epipregnanolone","A3F8U8;Q9GYU4;Q9ARY7;A6H6R7;Q0VEX8;Q14AH9;Q53WT3;Q543Z0;Q544F7;Q544G1;Q5SUU4;Q5SUU5;Q8BHM6;Q8C446;Q8C7N0;Q8CAB3;Q9JLE7;Q9JLE8;Q9JLE9","19","Non-peptide"
"1230","Serotonin","P47898;Q13639;P28335;P28223;P46098;P18089;P08913","7","Non-peptide"
"1232","Epinephrine","P08588;P35348;P07550","3","Non-peptide"
"1236","Tetrahydrodeoxycorticosterone","A3F8U8;Q9GYU4;Q9ARY7;A6H6R7;Q0VEX8;Q14AH9;Q53WT3;Q543Z0;Q544F7;Q544G1;Q5SUU4;Q5SUU5;Q8BHM6;Q8C446;Q8C7N0;Q8CAB3;Q9JLE7;Q9JLE8;Q9JLE9","19","Non-peptide"
"1237","1;25-dihydroxyvitamin D3-26;23-lactone","Q9PTN2;Q1L673;Q28037;O42392;P49701;P11473;P48281;A3RGC1;P13053;Q95MH5;O13124;Q90WN9;Q90WS4","13","Non-peptide"
"1243","Finasteride","P10275","1","Non-peptide"
"1250","Guggulsterone M","Q3SZL0;Q96RI1;Q60641;Q62735;Q811W9;Q811X0;Q811X1;Q811X2;Q8JHU2","9","Non-peptide"
"1260","Fluticasone","P79686;Q6XLJ0;P49115;P04150;P06537;P49843;O73673;Q9N1U3;Q5R9P5;P59667;P06536;P79269;O13186;O46567;P35547;Q95267;P49844;Q3MSN1;Q3MSN4;O57353;Q28023;Q28551;Q28890;Q28981;Q6EDZ0;Q6IVJ3;Q6QB13;Q6RKQ3;Q6TN19;Q7TSX7;Q865Y6;Q8JHA4;Q8JHA5;Q8JJ90;Q8JJ91;Q8JJ92;Q98SJ1","37","Non-peptide"
"1262","4-Androstenediol","Q9TT90;Q8MIK0;O97776;P10275;O97952;Q6QT55;P19091;O97775;O97960;Q9GKL7;P49699;Q7T1K4;P15207;O18925;O18928;O55065;O55066;O93244;O93245;O93497;O97607;O97608;O97622;O97667;O97684;O97900;P70048;Q13771;Q60GT9;Q60I32;Q689Y8;Q6EAL5;Q6TM07;Q76LM5;Q800S7;Q801Z1;Q801Z2;Q80XG7;Q8JH77;Q8MJ07;Q8QFV2;Q8QFV7;Q8SQ22;Q8UWB7;Q8UWB8;Q8UWF7;Q90ZC2;Q91426;Q91445;Q91698;Q95J10;Q95J36;Q95J38;Q9BE98;Q9BZG5;Q9BZG6;Q9BZG7;Q9DDJ4;Q9I8F5;Q9IA30;Q9NUA2;Q9PUL1;Q9PWG5;Q9UD95;Q9UKJ6;Q9UN21;Q9W6F4;Q9XS80;Q9YGV9","69","Non-peptide"
"1267","Oxymesterone","Q9TT90;Q8MIK0;O97776;P10275;O97952;Q6QT55;P19091;O97775;O97960;Q9GKL7;P49699;Q7T1K4;P15207","13","Non-peptide"
"1283","2-hydroxyestradiol","P06211;Q62986","2","Non-peptide"
"1290","Norepinephrine","P08588;P08913;P18825;P35348;P18089;P35368;P07550;P25100;P13945","9","Non-peptide"
"1291","Norbolethone","Q9TT90;Q8MIK0;O97776;P10275;O97952;Q6QT55;P19091;O97775;O97960;Q9GKL7;P49699;Q7T1K4;P15207","13","Non-peptide"
"1301","Taurocholic Acid","Q3SZL0;Q96RI1;Q60641;Q62735;Q811W9;Q811X0;Q811X1;Q811X2;Q8JHU2","9","Non-peptide"
"1304","Taurolithocholic Acid","Q3SZL0;Q96RI1;Q60641;Q62735;Q811W9;Q811X0;Q811X1;Q811X2;Q8JHU2","9","Non-peptide"
"1306","Stigmasterol","Q5BIS6;P55055;Q60644;Q62755;Q5E9B6;Q13133;Q9Z0Y9;Q62685;Q8AXU8;Q8JHU1","10","Non-peptide"
"1313","Bolasterone","Q9TT90;Q8MIK0;O97776;P10275;O97952;Q6QT55;P19091;O97775;O97960;Q9GKL7;P49699;Q7T1K4;P15207;O18925;O18928;O55065;O55066;O93244;O93245;O93497;O97607;O97608;O97622;O97667;O97684;O97900;P70048;Q13771;Q60GT9;Q60I32;Q689Y8;Q6EAL5;Q6TM07;Q76LM5;Q800S7;Q801Z1;Q801Z2;Q80XG7;Q8JH77;Q8MJ07;Q8QFV2;Q8QFV7;Q8SQ22;Q8UWB7;Q8UWB8;Q8UWF7;Q90ZC2;Q91426;Q91445;Q91698;Q95J10;Q95J36;Q95J38;Q9BE98;Q9BZG5;Q9BZG6;Q9BZG7;Q9DDJ4;Q9I8F5;Q9IA30;Q9NUA2;Q9PUL1;Q9PWG5;Q9UD95;Q9UKJ6;Q9UN21;Q9W6F4;Q9XS80;Q9YGV9","69","Non-peptide"
"1322","5-Oxoete","Q8TDS5","1","Non-peptide"
"1325","Testosterone enanthate","Q9TT90;Q8MIK0;O97776;P10275;O97952;Q6QT55;P19091;O97775;O97960;Q9GKL7;P49699;Q7T1K4;P15207","13","Non-peptide"
"1328","Allopregnanolone","A3F8U8;9GYU4;9ARY7;6H6R7;Q0VEX8;Q14AH9;53WT3;543Z0;544F7;544G1;5SUU4;5SUU5;8BHM6;8C446;8C7N0;8CAB3;9JLE7;9JLE8;9JLE9","19","Non-peptide"
"1330","Medroxyprogesterone","P03372;P06401","2","Non-peptide"
"1332","Desmosterol","Q5BIS6;P55055;Q60644;Q62755;Q5E9B6;Q13133;Q9Z0Y9;Q62685;Q8AXU8;Q8JHU1","10","Non-peptide"
"1343","5S-HpETE","Q8TDS5","1","Non-peptide"
"1344","6-trans-LTB4","Q15722;Q9Y271;Q9NPC1","3","Non-peptide"
"1345","12-epi-LTB4","Q15722;Q9Y271;Q9NPC1","3","Non-peptide"
"1346","12-keto-10;11;14;15-tetrahydro-LTB4","Q15722;Q9Y271;Q9NPC1","3","Non-peptide"
"1347","12-Oxo-LTB4","Q15722;Q9Y271;Q9NPC1","3","Non-peptide"
"1348","14;15-dehydro-LTB4","Q15722;Q9Y271;Q9NPC1","3","Non-peptide"
"1349","20-carboxyleukotriene B4","Q15722;Q9Y271;Q9NPC1","3","Non-peptide"
"1350","20-hydroxy LTB4","Q15722;Q9Y271;Q9NPC1","3","Non-peptide"
"1351","Leukotriene B4","Q15722;Q9Y271;Q9NPC1;Q9NPC1;Q15722;Q9JJL9;O88855;Q9R0Q2;Q3T181;Q924U0","10","Non-peptide"
"1352","LTB4 dimethyl amide","Q15722;Q9Y271;Q9NPC1","3","Non-peptide"
"1353","LTB4 ethanol amide","Q15722;Q9Y271;Q9NPC1","3","Non-peptide"
"1354","LTB4-d4","Q15722;Q9Y271;Q9NPC1","3","Non-peptide"
"1355","LTB5","Q9NPC1","1","Non-peptide"
"1356","Leukotriene C4","Q9NS75;Q9Y271","2","Non-peptide"
"1357","Leukotriene D4","Q9NS75;Q9Y271","2","Non-peptide"
"1358","Leukotriene E4","Q9NS75;Q9Y271","2","Non-peptide"
"1359","Lipoxin A4","Q9Y271;P25090","2","Non-peptide"
"1360","LipoxinB4","Q9Y271","1","Non-peptide"
"1362","Prostacyclin","P43119","1","Non-peptide"
"1363","15-Deoxy-PGJ2","P37231","1","Non-peptide"
"1364","Prostaglandin D2","Q13258;Q13258, Q9Y5Y4;P70263;Q9R261;Q9Z2J6","5","Non-peptide"
"1365","Prostaglandin E1","P34995;P43116;P43115;P35408;P43119","5","Non-peptide"
"1366","Prostaglandin E2","P34995;P43116;P43115;P35408;Q9Z2J6;P35375;P70597;Q9BGL8;P43116;Q62053;Q62928","11","Non-peptide"
"1367","prostaglandin F2alpha","P43088;Q62786;Q9P2B2;Q9WV91;P37289","5","Non-peptide"
"1368","Thromboxane A2","P21731","1","Non-peptide"
"1369","Cholesterol","P35398;P51448","2","Non-peptide"
"1370","Calcitriol","Q9PTN2;Q1L673;Q28037;O42392;P49701;P11473;P48281;A3RGC1;P13053;Q95MH5;O13124","11","Non-peptide"
"1381","Cyclic AMP","P34907;Q9TX43;P35352","3","Non-peptide"
"1496","Cyclic GMP","Q9HUK7","1","Non-peptide"
"1540","Prostaglandin A2","P70263;P43115","2","Non-peptide"
"1645","Somatostatin","P31391;P35346;P30872;P32745;P30874;P30937;P30938;O08858;P30936;P30875;P30935;P28646;P30680","13","Non-peptide"
"1661","Acetophenazine","P10275","1","Non-peptide"
"1679","Leptin","P48357;Q62959;P48356;O02671;Q9MYL0","5","Non-peptide"
"1717","Leukotriene B4","Q9NPC1;Q15722;Q9JJL9;O88855;Q9R0Q2;Q3T181;Q924U0","7","Non-peptide"
"1727","Prostaglandin D2","Q13258, Q9Y5Y4;P70263;Q9R261;Q9Z2J6","4","Non-peptide"
"1729","Prostaglandin E2","Q9Z2J6;P35375;P70597;Q9BGL8;P43116;Q62053;Q62928","7","Non-peptide"
"1731","Prostaglandin F2a","Q62786;Q9P2B2;Q9WV91;P37289","4","Non-peptide"
"1734","Succinic acid","Q9BXA5;Q99MT6;Q6IYF9","3","Non-peptide"
"1738","Dopamine","P21918;P21917;P21728;P35462;P14416;P30729;P25115;Q8BLD9;P51436","9","Non-peptide"
"1740","Histamine","P35367;P25021;Q9Y5N1;P70174;P30546;P31390;P58406;Q9QYN8;Q9H3N8;P25102;P97292","11","Non-peptide"
"10005","Prolactin-releasing peptide PrRP31","Q64121","1","Peptide"
"10006","Melanotropin alpha 2","Q6QLQ0;Q6QLQ1","2","Peptide"
"10007","Melanin-concentrating hormone-like","Q99705;Q969V1","2","Peptide"
"10008","Cholecystokinin","Q7T1P8","1","Peptide"
"10023","Somatostatin-14","Q8MI04","1","Peptide"
"10027","Oxytocin","P30559;P37288;P47901;P30559","4","Peptide"
"10028","Corticotropin","Q6Q488","1","Peptide"
"10029","Follicle-stimulating hormone beta subunit","P47799","1","Peptide"
"10030","Prolactin-2C4","Q08501","1","Peptide"
"10031","Oxytocin","P97926","1","Peptide"
"10032","Relaxin B chain","Q91ZZ5","1","Peptide"
"10033","Gonadoliberin-1","Q5UKX6;Q90YM3","2","Peptide"
"10034","Relaxin B chain","Q5XM32","1","Peptide"
"10115","Ghrelin","P34999","1","Peptide"
"10296","Calcitonin","P32214","1","Peptide"
"10297","Big gastrin","P30553","1","Peptide"
"10298","Somatoliberin","Q8MHZ5;Q9BDI0","2","Peptide"
"10299","Glycoprotein hormones alpha chain","P20395","1","Peptide"
"10300","Parathyroid hormone (Parathyrin) (PTH)","Q9TU31","1","Peptide"
"10301","Thyroid-stimulating hormone subunit beta (TSH-B) (Thyrotropin beta chain)","P14763","1","Peptide"
"10302","Gonadoliberin-3","Q9I986","1","Peptide"
"10303","Prolactin-releasing peptide PrRP31","Q4EW11","1","Peptide"
"10304","Prolactin-releasing peptide PrRP20","Q4EW11","1","Peptide"
"10305","Prolactin-releasing peptide PrRP31","P49683","1","Peptide"
"10306","Prolactin-releasing peptide PrRP20","P49683","1","Peptide"
"10307","Prolactin-releasing peptide PrRP20","Q64121","1","Peptide"
"10308","Thyroliberin","Q8JFZ6;Q9DDR0;Q9DDR1","3","Peptide"
"10309","Corticotropin","Q6QLQ0;Q6QLQ1","2","Peptide"
"10310","Melanotropin alpha 1","Q6QLQ0;Q6QLQ1","2","Peptide"
"10311","Lipotropin beta (Beta-LPH)","Q6QLQ0;Q6QLQ1","2","Peptide"
"10312","Melanotropin beta 1","Q6QLQ0;Q6QLQ1","2","Peptide"
"10313","Beta-endorphin 1","Q6QLQ0;Q6QLQ1","2","Peptide"
"10314","Met-enkephalin","Q6QLQ0;Q6QLQ1","2","Peptide"
"10315","Corticotropin","Q6QLQ0;Q6QLQ1","2","Peptide"
"10316","Lipotropin beta (Beta-LPH)","Q6QLQ0;Q6QLQ1","2","Peptide"
"10317","Lipotropin gamma (Gamma-LPH)","Q6QLQ0;Q6QLQ1","2","Peptide"
"10318","Melanotropin beta 2","Q6QLQ0;Q6QLQ1","2","Peptide"
"10319","Beta-endorphin 2","Q6QLQ0;Q6QLQ1","2","Peptide"
"10320","Melanin-concentrating hormone-like","Q99705;Q969V1","2","Peptide"
"10321","Glycoprotein hormones alpha chain","Q95179","1","Peptide"
"10322","Gonadoliberin-1","P32237","1","Peptide"
"10323","Secretin","Q5FWI2","1","Peptide"
"10324","Prolactin","P14787","1","Peptide"
"10325","Thyroid-stimulating hormone subunit beta (TSH-B) (Thyrotropin beta chain)","Q9BGN4","1","Peptide"
"10326","Melanin-concentrating hormone","Q8MIP5;Q8MIP6","2","Peptide"
"10327","Follicle-stimulating hormone beta subunit","P35378","1","Peptide"
"10328","Thyroliberin","P21761;Q9ERT2","2","Peptide"
"10329","Follicle-stimulating hormone beta subunit","P32212","1","Peptide"
"10330","Prolactin","Q28235","1","Peptide"
"10331","Nasal embryonic luteinizing hormone-releasing hormone factor","P30968","1","Peptide"
"10332","Relaxin-3 B chain","Q8BGE9;Q7TQP4;Q91ZZ5","3","Peptide"
"10333","Relaxin-3 A chain","Q8BGE9;Q7TQP4;Q91ZZ5","3","Peptide"
"10334","Corticoliberin","P35347;Q60748","2","Peptide"
"10335","Somatotropin","Q95JF2","1","Peptide"
"10336","Gastrin-releasing peptide","P21729","1","Peptide"
"10337","Neuromedin-C","P21729","1","Peptide"
"10338","Relaxin-3 B chain ","Q9HBX9;Q9NSD7;Q8TDU9;Q9NSD7;Q8TDU9;Q9HBX9;Q8WXD0","7","Peptide"
"10339","Relaxin-3 A chain ","Q9HBX9;Q9NSD7;Q8TDU9;Q9NSD7;Q8TDU9;Q9HBX9;Q8WXD0","7","Peptide"
"10340","Gonadoliberin-1","Q9DE60;Q9DE62;Q9DE63","3","Peptide"
"10341","[Tyr21;Gly24]-somatostatin-28","Q5G546;Q5G547","2","Peptide"
"10342","Glycoprotein hormone alpha-2","P21463","1","Peptide"
"10343","Glycoprotein hormone alpha-2","P47750","1","Peptide"
"10344","Corticoliberin","Q9BGU4","1","Peptide"
"10345","Glycoprotein hormone alpha-2","P16473","1","Peptide"
"10346","Nasal embryonic luteinizing hormone-releasing hormone factor","Q01776","1","Peptide"
"10347","Ghrelin","Q9BDH9;Q9N1F8;Q9TUJ0;Q9TUJ1","4","Peptide"
"10348","Obestatin","Q9BDH9;Q9N1F8;Q9TUJ0;Q9TUJ1","4","Peptide"
"10349","Glycoprotein hormones alpha chain","P32212","1","Peptide"
"10350","Gonadoliberin-3","Q76KC7;Q76L92;Q76L93;Q90VY1;Q90W00","5","Peptide"
"10351","Glycoprotein hormones alpha chain","Q6R6L8","1","Peptide"
"10352","Obestatin","P34999","1","Peptide"
"10353","Gonadoliberin-2","Q5TJK1;Q8UUS1","2","Peptide"
"10354","Gonadoliberin-3","Q5TJK1;Q8UUS1","2","Peptide"
"10355","Trp-8 gonadoliberin","Q800V8;Q800V9;Q800W0","3","Peptide"
"10356","Glycoprotein hormones alpha chain","Q8R428","1","Peptide"
"10357","Follicle-stimulating hormone beta subunit","Q8R428","1","Peptide"
"10358","Somatotropin","Q9JI97","1","Peptide"
"10359","Corticoliberin","Q49MT7;Q49MT8","2","Peptide"
"10360","Cholecystokinin-70","Q7T1P8","1","Peptide"
"10361","Cholecystokinin-8","Q7T1P8","1","Peptide"
"10362","Cholecystokinin-7","Q7T1P8","1","Peptide"
"10363","Ghrelin","O08725","1","Peptide"
"10364","Obestatin-23","O08725","1","Peptide"
"10365","Obestatin-13","O08725","1","Peptide"
"10366","Relaxin A chain","Q5XM32","1","Peptide"
"10367","Ghrelin-28","Q92847;Q92847-1;Q02643","3","Peptide"
"10368","Ghrelin-27","Q92847;Q92847-1;Q02643","3","Peptide"
"10369","Obestatin","Q92847;Q92847-1;Q02643","3","Peptide"
"10370","Glycoprotein hormones alpha chain","P14763","1","Peptide"
"10371","[Pro12]-somatostatin-24","Q7T2S8;Q7T2S9;Q8AXM7;Q8JID5;Q8QGQ4;Q9DGQ6;Q9PVF9;Q9PVG0","8","Peptide"
"10372","[Pro2]-somatostatin-14","Q7T2S8;Q7T2S9;Q8AXM7;Q8JID5;Q8QGQ4;Q9DGQ6;Q9PVF9;Q9PVG0","8","Peptide"
"10373","[Tyr21;Gly24]-somatostatin-28","Q7T2S8;Q7T2S9;Q8AXM7;Q8JID5;Q8QGQ4;Q9DGQ6;Q9PVF9;Q9PVG0","8","Peptide"
"10374","[Tyr7;Gly10]-somatostatin-14","Q7T2S8;Q7T2S9;Q8AXM7;Q8JID5;Q8QGQ4;Q9DGQ6;Q9PVF9;Q9PVG0","8","Peptide"
"10375","Somatostatin-26","Q7T2S8;Q7T2S9;Q8AXM7;Q8JID5;Q8QGQ4;Q9DGQ6;Q9PVF9;Q9PVG0","8","Peptide"
"10376","Somatostatin-14","Q7T2S8;Q7T2S9;Q8AXM7;Q8JID5;Q8QGQ4;Q9DGQ6;Q9PVF9;Q9PVG0","8","Peptide"
"10377","Beta-endorphin","Q683Z6;Q683Z7;Q6EWJ2","3","Peptide"
"10378","Met-enkephalin","Q683Z6;Q683Z7;Q6EWJ2","3","Peptide"
"10379","Corticotropin","Q683Z6;Q683Z7;Q6EWJ2","3","Peptide"
"10380","Melanotropin alpha (Alpha-MSH)","Q683Z6;Q683Z7;Q6EWJ2","3","Peptide"
"10381","Lipotropin beta (Beta-LPH)","Q683Z6;Q683Z7;Q6EWJ2","3","Peptide"
"10382","Lipotropin gamma (Gamma-LPH)","Q683Z6;Q683Z7;Q6EWJ2","3","Peptide"
"10383","Melanotropin beta (Beta-MSH)","Q683Z6;Q683Z7;Q6EWJ2","3","Peptide"
"10384","Beta-endorphin","Q683Z6;Q683Z7;Q6EWJ2","3","Peptide"
"10385","Met-enkephalin","Q683Z6;Q683Z7;Q6EWJ2","3","Peptide"
"10595","Chorionic somatomammotropin hormone (Choriomammotropin) (Lactogen)","P10912;P10912;P16471","3","Peptide"
"10681","Pancreatic hormone","P25929;P50391","2","Peptide"
"10682","Pancreatic icosapeptide","P25929;P50391","2","Peptide"
"10708","Growth hormone 2 (Placenta-specific growth hormone) (GH-V)","P10912","1","Peptide"
"10915","Oxytocin","P56449","1","Peptide"
"10926","Melanotropin beta (Beta-MSH)","Q9Z1S9","1","Peptide"
"11164","Cholecystokinin-18 ","P79266","1","Peptide"
"11173","Cholecystokinin-12","P32238;P32239;P32238;P32239;P32238;P32238;P32239;P32238","8","Peptide"
"11197","Gastric inhibitory polypeptide","P48546","1","Peptide"
"11227","Luteinizing hormone subunit beta (LSH-B) (LH-B)(Lutropin subunit beta)","P30730","1","Peptide"
"11228","Glucagon","Q8UVY5","1","Peptide"
"11229","Glucagon-like peptide 1A","Q8UVY5","1","Peptide"
"11230","Glucagon-like peptide 1B","Q8UVY5","1","Peptide"
"11231","Glucagon-like peptide 1C","Q8UVY5","1","Peptide"
"11232","Glucagon-like peptide 2","Q8UVY5","1","Peptide"
"11233","Gonadoliberin-2","Q9I986","1","Peptide"
"11234","Gonadoliberin II","Q9YGN8;Q9YGN9","2","Peptide"
"11235","Gonadoliberin-2","Q96P88;P30968;Q96P88","3","Peptide"
"11236","Somatostatin-28","Q8MI04","1","Peptide"
"11237","Gonadoliberin-1","Q8CH60","1","Peptide"
"11238","Gonadoliberin-2","Q9IA91","1","Peptide"
"11239","Gonadoliberin-1","Q9IA91","1","Peptide"
"11240","Gonadoliberin-2","Q8SPZ1;Q95JG1","2","Peptide"
"11241","Corticoliberin","O62772","1","Peptide"
"11242","Corticoliberin","P35353;P47866","2","Peptide"
"11243","Gonadoliberin-1","P30968;P30968","2","Peptide"
"11244","Thyroliberin","Q01717;Q9R297","2","Peptide"
"11245","Thyroliberin","Q8JFZ6;Q9DDR0;Q9DDR1","3","Peptide"
"11246","Somatostatin-28","P34994;Q2Q1V0;Q6YEX9;Q6YEY1;Q866U3","5","Peptide"
"11247","Somatostatin-14","P34994;Q2Q1V0;Q6YEX9;Q6YEY1;Q866U3","5","Peptide"
"11248","Oxytocin","P32306","1","Peptide"
"11249","Oxytocin","P70536","1","Peptide"
"11250","Melanotropin gamma (Gamma-MSH)","Q01718;Q01726;P41968;P32245;P04201;P35372;Q01726;P41968;P32245;P33032;Q01726;P41968;P32245;P33032;Q01726;P41968;P32245;P33032;Q01718;P41968;P32245;P33032;Q01726","23","Peptide"
"11251","Corticotropin","Q01718;Q01726;P41968;P32245;P04201;P35372;Q01726;P41968;P32245;P33032;Q01726;P41968;P32245;P33032;Q01726;P41968;P32245;P33032;Q01718;P41968;P32245;P33032;Q01726","23","Peptide"
"11252","Melanotropin alpha (Alpha-MSH)","Q01718;Q01726;P41968;P32245;P04201;P35372;Q01726;P41968;P32245;P33032;Q01726;P41968;P32245;P33032;Q01726;P41968;P32245;P33032;Q01718;P41968;P32245;P33032;Q01726","23","Peptide"
"11253","Lipotropin beta (Beta-LPH)","Q01718;Q01726;P41968;P32245;P04201;P35372;Q01726;P41968;P32245;P33032;Q01726;P41968;P32245;P33032;Q01726;P41968;P32245;P33032;Q01718;P41968;P32245;P33032;Q01726","23","Peptide"
"11254","Lipotropin gamma (Gamma-LPH)","Q01718;Q01726;P41968;P32245;P04201;P35372;Q01726;P41968;P32245;P33032;Q01726;P41968;P32245;P33032;Q01726;P41968;P32245;P33032;Q01718;P41968;P32245;P33032;Q01726","23","Peptide"
"11255","Melanotropin beta      (Beta-MSH)","Q01718;Q01726;P41968;P32245;P04201;P35372;Q01726;P41968;P32245;P33032;Q01726;P41968;P32245;P33032;Q01726;P41968;P32245;P33032;Q01718;P41968;P32245;P33032;Q01726","23","Peptide"
"11256","Beta-endorphin","Q01718;Q01726;P41968;P32245;P04201;P35372;Q01726;P41968;P32245;P33032;Q01726;P41968;P32245;P33032;Q01726;P41968;P32245;P33032;Q01718;P41968;P32245;P33032;Q01726","23","Peptide"
"11257","Met-enkephalin","Q01718;Q01726;P41968;P32245;P04201;P35372;Q01726;P41968;P32245;P33032;Q01726;P41968;P32245;P33032;Q01726;P41968;P32245;P33032;Q01718;P41968;P32245;P33032;Q01726","23","Peptide"
"11258","Beta-endorphin","P47798","1","Peptide"
"11259","Melanotropin gamma (Gamma-MSH)","P47798","1","Peptide"
"11260","Corticotropin","P47798","1","Peptide"
"11261","Melanotropin alpha (Alpha-MSH)","P47798","1","Peptide"
"11262","Lipotropin beta (Beta-LPH)","P47798","1","Peptide"
"11263","Lipotropin gamma (Gamma-LPH)","P47798","1","Peptide"
"11264","Melanotropin beta      (Beta-MSH)","P47798","1","Peptide"
"11265","Met-enkephalin","P47798","1","Peptide"
"11266","Melanotropin gamma (Gamma-MSH)","Q9TU77;O19037","2","Peptide"
"11267","Corticotropin","Q9TU77;O19037","2","Peptide"
"11268","Melanotropin alpha (Alpha-MSH)","Q9TU77;O19037","2","Peptide"
"11269","Lipotropin beta (Beta-LPH)","Q9TU77;O19037","2","Peptide"
"11270","Lipotropin gamma (Gamma-LPH)","Q9TU77;O19037","2","Peptide"
"11271","Melanotropin beta      (Beta-MSH)","Q9TU77;O19037","2","Peptide"
"11272","Beta-endorphin","Q9TU77;O19037","2","Peptide"
"11273","Met-enkephalin","Q9TU77;O19037","2","Peptide"
"11274","Melanotropin gamma (Gamma-MSH)","Q9TU05","1","Peptide"
"11275","Corticotropin","Q9TU05","1","Peptide"
"11276","Melanotropin alpha (Alpha-MSH)","Q9TU05","1","Peptide"
"11277","Lipotropin beta (Beta-LPH)","Q9TU05","1","Peptide"
"11278","Lipotropin gamma (Gamma-LPH)","Q9TU05","1","Peptide"
"11279","Melanotropin beta      (Beta-MSH)","Q9TU05","1","Peptide"
"11280","Beta-endorphin","Q9TU05","1","Peptide"
"11281","Met-enkephalin","Q9TU05","1","Peptide"
"11282","Met-enkephalin","Q64326;Q01727","2","Peptide"
"11283","Melanotropin gamma (Gamma-MSH)","Q64326;Q01727","2","Peptide"
"11284","Corticotropin","Q64326;Q01727","2","Peptide"
"11285","Melanotropin alpha (Alpha-MSH)","Q64326;Q01727","2","Peptide"
"11286","Lipotropin beta (Beta-LPH)","Q64326;Q01727","2","Peptide"
"11287","Lipotropin gamma (Gamma-LPH)","Q64326;Q01727","2","Peptide"
"11288","Melanotropin beta      (Beta-MSH)","Q64326;Q01727","2","Peptide"
"11289","Beta-endorphin","Q64326;Q01727","2","Peptide"
"11290","Melanotropin alpha (Alpha-MSH)","Q6Q488","1","Peptide"
"11291","Melanotropin gamma (Gamma-MSH)","Q864J8","1","Peptide"
"11292","Corticotropin","Q864J8","1","Peptide"
"11293","Melanotropin alpha (Alpha-MSH)","Q864J8","1","Peptide"
"11294","Lipotropin beta (Beta-LPH)","Q864J8","1","Peptide"
"11295","Lipotropin gamma (Gamma-LPH)","Q864J8","1","Peptide"
"11296","Melanotropin beta      (Beta-MSH)","Q864J8","1","Peptide"
"11297","Beta-endorphin","Q864J8","1","Peptide"
"11298","Met-enkephalin","Q864J8","1","Peptide"
"11299","Glycoprotein hormones alpha chain","P23945;P22888;P16473","3","Peptide"
"11300","Glycoprotein hormones alpha chain","P35378;P30730;Q562E4","3","Peptide"
"11301","Glycoprotein hormones alpha chain","P35376;Q28005;Q27987","3","Peptide"
"11302","Glycoprotein hormones alpha chain","P35379;Q28585;P56495","3","Peptide"
"11303","Glycoprotein hormones alpha chain","P49059;P16582;Q8SPP9","3","Peptide"
"11304","Glycoprotein hormones alpha chain","P47799","1","Peptide"
"11305","Thyroid-stimulating hormone subunit beta (TSH-B) (Thyrotropin beta chain)","P16473","1","Peptide"
"11306","Thyroid-stimulating hormone subunit beta (TSH-B) (Thyrotropin beta chain)","Q27987","1","Peptide"
"11307","Thyroid-stimulating hormone subunit beta (TSH-B) (Thyrotropin beta chain)","Q8SPP9","1","Peptide"
"11308","Follicle-stimulating hormone beta subunit","P23945;P23945","2","Peptide"
"11309","Follicle-stimulating hormone beta subunit","P35379","1","Peptide"
"11310","Follicle-stimulating hormone beta subunit","P49059","1","Peptide"
"11311","Luteinizing hormone subunit beta (LSH-B) (LH-B)(Lutropin subunit beta)","P22888","1","Peptide"
"11312","Luteinizing hormone subunit beta (LSH-B) (LH-B)(Lutropin subunit beta)","Q28585","1","Peptide"
"11313","Luteinizing hormone subunit beta (LSH-B) (LH-B)(Lutropin subunit beta)","P16582","1","Peptide"
"11314","Prolactin","P10912;P10912;P16471;P16471","4","Peptide"
"11315","Prolactin","P05710","1","Peptide"
"11316","Prolactin","Q6JTA8","1","Peptide"
"11317","Prolactin","Q28172","1","Peptide"
"11318","Prolactin","O46561","1","Peptide"
"11319","Growth hormone (Somatotropin) (GH)","P10912;P16471;P10912","3","Peptide"
"11320","Growth hormone (Somatotropin) (GH)","P16310","1","Peptide"
"11321","Growth hormone (Somatotropin) (GH)","O46600","1","Peptide"
"11322","Growth hormone (Somatotropin) (GH)","P19756","1","Peptide"
"11323","Calcitonin","P30988;Q16602;P30988","3","Peptide"
"11324","Katacalcin","P30988;Q16602;P30988","3","Peptide"
"11325","Calcitonin","P25117","1","Peptide"
"11326","Parathyroid hormone (Parathyrin) (PTH)","Q1LZF7","1","Peptide"
"11327","Parathyroid hormone (Parathyrin) (PTH)","P50133","1","Peptide"
"11328","Parathyroid hormone (Parathyrin) (PTH)","Q03431;P49190;Q03431","3","Peptide"
"11329","Glicentin ","P43220;O95838;P43220;P47871;P47871","5","Peptide"
"11330","Oxyntomodulin ","P43220;O95838;P43220;P47871;P47871","5","Peptide"
"11331","Glucagon ","P43220;O95838;P43220;P47871;P47871","5","Peptide"
"11332","Glucagon-like peptide 1","P43220;O95838;P43220;P47871;P47871","5","Peptide"
"11333","Glucagon-like peptide 2","P43220;O95838;P43220;P47871;P47871","5","Peptide"
"11334","Growth hormone-releasing factor (GRF) (Growth hormone-releasing hormone) (GHRH)","Q02643;Q02643","2","Peptide"
"11335","Growth hormone-releasing factor (GRF) (Growth hormone-releasing hormone) (GHRH)","P34999","1","Peptide"
"11336","Insulin B chain","P08069;P06213;P06213;P06213","4","Peptide"
"11337","Insulin A chain","P08069;P06213;P06213;P06213","4","Peptide"
"11338","Insulin-1 B chain","P15127","1","Peptide"
"11339","Insulin-1 A chain","P15127","1","Peptide"
"11340","Insulin-2 B chain","P15127","1","Peptide"
"11341","Insulin-2 A chain","P15127","1","Peptide"
"11342","Insulin-2 B chain","P15208","1","Peptide"
"11343","Insulin-2 A chain","P15208","1","Peptide"
"11344","Gastrin-71","P32238;P32239;P32239;P32239;P32239","5","Peptide"
"11345","Gastrin-52","P32238;P32239;P32239;P32239;P32239","5","Peptide"
"11346","Big gastrin","P32238;P32239;P32239;P32239;P32239","5","Peptide"
"11347","Gastrin","P32238;P32239;P32239;P32239;P32239","5","Peptide"
"11348","Gastrin-14","P32238;P32239;P32239;P32239;P32239","5","Peptide"
"11349","Gastrin-6","P32238;P32239;P32239;P32239;P32239","5","Peptide"
"11350","Big gastrin","P79266","1","Peptide"
"11351","Gastrin","P79266","1","Peptide"
"11352","Big gastrin","P30552","1","Peptide"
"11353","Gastrin","P30552","1","Peptide"
"11354","Cholecystokinin","P30553;P30551","2","Peptide"
"11355","Cholecystokinin-39","P30553;P30551","2","Peptide"
"11356","Cholecystokinin-33","P30553;P30551","2","Peptide"
"11357","Cholecystokinin-22","P30553;P30551","2","Peptide"
"11358","Cholecystokinin-12","P30553;P30551","2","Peptide"
"11359","Cholecystokinin-8","P30553;P30551","2","Peptide"
"11360","Muellerian-inhibiting factor","Q04771;Q16671;Q16671","3","Peptide"
"11361","Parathyroid hormone (Parathyrin) (PTH)","P25961","1","Peptide"
"11362","Relaxin B chain","Q9HBX9;Q8WXD0","2","Peptide"
"11363","Relaxin A chain","Q9HBX9;Q8WXD0","2","Peptide"
"11364","Prolactin-2C2","Q08501","1","Peptide"
"11365","Gastrin","P30553","1","Peptide"
"11366","Luteinizing hormone subunit beta (LSH-B) (LH-B)(Lutropin subunit beta)","Q28005","1","Peptide"
"11367","Thyroid-stimulating hormone subunit beta (TSH-B) (Thyrotropin beta chain)","P21463","1","Peptide"
"11368","Prolactin-2C3","Q08501","1","Peptide"
"11369","Relaxin B chain ","Q9HBX9;Q8WXD0","2","Peptide"
"11370","Relaxin A chain ","Q9HBX9;Q8WXD0","2","Peptide"
"11371","Follicle-stimulating hormone beta subunit","P35376","1","Peptide"
"11372","Cholecystokinin","P32238;P32239;P32238;P32239;P32238;P32238;P32239;P32238","8","Peptide"
"11373","Cholecystokinin-58","P32238;P32239;P32238;P32239;P32238;P32238;P32239;P32238","8","Peptide"
"11374","Cholecystokinin-39","P32238;P32239;P32238;P32239;P32238;P32238;P32239;P32238","8","Peptide"
"11375","Cholecystokinin-33","P32238;P32239;P32238;P32239;P32238;P32238;P32239;P32238","8","Peptide"
"11376","Cholecystokinin-8","P32238;P32239;P32238;P32239;P32238;P32238;P32239;P32238","8","Peptide"
"11377","Corticoliberin","P34998;Q13324;P34998;Q13324","4","Peptide"
"11378","Prolactin","Q08501","1","Peptide"
"11379","Somatotropin","P16882","1","Peptide"
"11380","Glicentin","P30082","1","Peptide"
"11381","Oxyntomodulin","P30082","1","Peptide"
"11382","Glucagon","P30082","1","Peptide"
"11383","Glucagon-like peptide 1","P30082","1","Peptide"
"11384","Glucagon-like peptide 2","P30082","1","Peptide"
"11385","Gonadoliberin-1","P30969","1","Peptide"
"11386","Prolactin release-inhibiting factor 1","P30969","1","Peptide"
"11387","Gastrin-releasing peptide","P32247;P30550;P30550;P30550","4","Peptide"
"11388","Neuromedin-C","P32247;P30550;P30550;P30550","4","Peptide"
"11389","Somatotropin","Q02092","1","Peptide"
"11390","Cholecystokinin","P56481;O08786;Q3TPL0;Q3ZB46;Q3ZB53;Q8BKF6","6","Peptide"
"11391","Cholecystokinin-33","P56481;O08786;Q3TPL0;Q3ZB46;Q3ZB53;Q8BKF6","6","Peptide"
"11392","Cholecystokinin-12","P56481;O08786;Q3TPL0;Q3ZB46;Q3ZB53;Q8BKF6","6","Peptide"
"11393","Cholecystokinin-8","P56481;O08786;Q3TPL0;Q3ZB46;Q3ZB53;Q8BKF6","6","Peptide"
"11394","Prolactin-3B1","P05710","1","Peptide"
"11395","Prolactin-3B1","Q08501","1","Peptide"
"11396","Secretin","P47872;Q8IV17;P47872","3","Peptide"
"11397","Somatoliberin","Q02644","1","Peptide"
"11398","Calcitonin","Q7SX84","1","Peptide"
"11399","Secretin","P23811","1","Peptide"
"11400","Eclosion hormone","Q32XW8;Q32XW9","2","Peptide"
"11401","Thyroid-stimulating hormone subunit beta (TSH-B) (Thyrotropin beta chain)","P47750","1","Peptide"
"11402","Insulin-1 B chain","Q9PVZ4","1","Peptide"
"11403","Insulin-1 A chain","Q9PVZ4","1","Peptide"
"11404","Insulin-2 B chain","Q9PVZ4","1","Peptide"
"11405","Insulin-2 A chain","Q9PVZ4","1","Peptide"
"11406","Oxytocin","Q28756","1","Peptide"
"11407","Neurophysin 1","Q28756","1","Peptide"
"11408","Gonadoliberin-1","Q01776","1","Peptide"
"11409","Neuropeptide-glutamic acid-isoleucine","P97639","1","Peptide"
"11410","Melanin-concentrating hormone","P97639","1","Peptide"
"11411","Prolactin","Q04594","1","Peptide"
"11412","Somatoliberin","P32082","1","Peptide"
"11413","Prolactin","Q91094","1","Peptide"
"11414","Prolactin-3D1","Q08501","1","Peptide"
"11415","Follicle-stimulating hormone beta subunit","P20395","1","Peptide"
"11416","Melanotropin gamma (Gamma-MSH)","Q9Z1S9","1","Peptide"
"11417","Corticotropin","Q9Z1S9","1","Peptide"
"11418","Melanotropin alpha (Alpha-MSH)","Q9Z1S9","1","Peptide"
"11419","Lipotropin beta (Beta-LPH)","Q9Z1S9","1","Peptide"
"11420","Lipotropin gamma (Gamma-LPH)","Q9Z1S9","1","Peptide"
"11421","Beta-endorphin","Q9Z1S9","1","Peptide"
"11422","Met-enkephalin","Q9Z1S9","1","Peptide"
"11423","Neuropeptide-glutamic acid-isoleucine","Q99705;Q969V1;Q99705;Q969V1","4","Peptide"
"11424","Melanin-concentrating hormone","Q99705;Q969V1;Q99705;Q969V1","4","Peptide"
"11425","Thyroliberin","P34981;P34981","2","Peptide"
"11426","Prolactin-3D1","P05710","1","Peptide"
"11427","Diuretic hormone 1","P35464","1","Peptide"
"11428","Diuretic hormone","Q16983","1","Peptide"
"11429","Gastrin-releasing peptide","P52500","1","Peptide"
"11430","Neuromedin-C","P52500","1","Peptide"
"11431","Diuretic hormone 2","P35464","1","Peptide"
"11432","Somatostatin-28","P34993","1","Peptide"
"11433","Somatostatin-14","P34993","1","Peptide"
"11434","Muellerian-inhibiting factor","Q8K592","1","Peptide"
"11435","Secretin","O46502","1","Peptide"
"11436","Somatotropin","P79194","1","Peptide"
"11437","Somatostatin-28","Q4PLA6;Q4ZJF2;Q58G83;Q58G84","4","Peptide"
"11438","Somatostatin-14","Q4PLA6;Q4ZJF2;Q58G83;Q58G84","4","Peptide"
"11439","Gonadoliberin-1","Q8JID0","1","Peptide"
"11440","Somatotropin","Q9TU69","1","Peptide"
"11441","Neurophysin 1","P97926","1","Peptide"
"11442","Gonadoliberin-1","Q5EFE0;Q9DDC9","2","Peptide"
"11443","Gonadoliberin-2","Q90YM3","1","Peptide"
"11444","Chorionicgonadotropic hormone-like protein","P37125","1","Peptide"
"11445","Cholecystokinin","P79266","1","Peptide"
"11446","Cholecystokinin-58","P79266","1","Peptide"
"11447","Cholecystokinin-58 desnonopeptide","P79266","1","Peptide"
"11448","Cholecystokinin-39","P79266","1","Peptide"
"11449","Cholecystokinin-33","P79266","1","Peptide"
"11450","Cholecystokinin-25 ","P79266","1","Peptide"
"11451","Cholecystokinin-12","P79266","1","Peptide"
"11452","Cholecystokinin-8","P79266","1","Peptide"
"11453","Cholecystokinin-7","P79266","1","Peptide"
"11454","Cholecystokinin-5","P79266","1","Peptide"
"11455","Growth hormone-releasing factor 1-46","Q7ZZJ9;Q309X7","2","Peptide"
"11456","Pituitary adenylate cyclase-activating polypeptide 38","Q7ZZJ9;Q309X7","2","Peptide"
"11457","Pituitary adenylate cyclase-activating polypeptide 27","Q7ZZJ9;Q309X7","2","Peptide"
"11458","Gonadoliberin-2","O42329;Q8JID0","2","Peptide"
"11459","Gonadoliberin-3","Q90YM3","1","Peptide"
"11460","Gonadoliberin-1","Q9I8V4","1","Peptide"
"11461","Somatotropin","P19941","1","Peptide"
"11462","Relaxin A chain","Q91ZZ5","1","Peptide"
"11463","Gastrin-71","P56481;Q8BKF6","2","Peptide"
"11464","Big gastrin","P56481;Q8BKF6","2","Peptide"
"11465","Gastrin","P56481;Q8BKF6","2","Peptide"
"11466","Muellerian-inhibiting factor","Q62893","1","Peptide"
"11467","Corticoliberin","O42602;O42603","2","Peptide"
"11468","Somatostatin-28","Q49LX5;Q49LX6","2","Peptide"
"11469","Somatostatin-14","Q49LX5;Q49LX6","2","Peptide"
"11470","Gonadoliberin-1","P49922","1","Peptide"
"11471","Cholecystokinin","P70031","1","Peptide"
"11472","Cholecystokinin","P70031","1","Peptide"
"11473","Glycoprotein hormones alpha chain","O02721","1","Peptide"
"11474","Gonadoliberin-3","Q9YGN8;Q9YGN9","2","Peptide"
"11475","Gonadoliberin II","Q9YGN8;Q9YGN9","2","Peptide"
"11476","Glicentin","Q61606;Q3UN81","2","Peptide"
"11477","Oxyntomodulin","Q61606;Q3UN81","2","Peptide"
"11478","Glucagon","Q61606;Q3UN81","2","Peptide"
"11479","Glucagon-like peptide 1","Q61606;Q3UN81","2","Peptide"
"11480","Glucagon-like peptide 2","Q61606;Q3UN81","2","Peptide"
"11481","Gonadoliberin-1","Q8SPZ1","1","Peptide"
"11482","Neuropeptide-glutamic acid-isoleucine","Q8K3M8;Q3UY93","2","Peptide"
"11483","Melanin-concentrating hormone","Q8K3M8;Q3UY93","2","Peptide"
"11484","Somatotropin","Q95ML5","1","Peptide"
"11485","Somatostatin-28","P30873;P30875;P30935;P49660;O08858","5","Peptide"
"11486","Somatostatin-14","P30873;P30875;P30935;P49660;O08858","5","Peptide"
"11487","Somatostatin-28","P28646;P30680;P30936;P30938","4","Peptide"
"11488","Somatostatin-14","P28646;P30680;P30936;P30938","4","Peptide"
"11489","Somatostatin-28","P30872;P30874;P32745;P31391;P35346;P30872;P30874;P32745;P31391;P35346;P30872;P30874;P32745;P31391;P35346;P30872;P30874;P32745;P35346","19","Peptide"
"11490","Somatostatin-14","P30872;P30874;P32745;P31391;P35346;P30872;P30874;P32745;P31391;P35346;P30872;P30874;P32745;P31391;P35346;P30872;P30874;P32745;P35346","19","Peptide"
"11491","Adipokinetic hormone","Q71EB3","1","Peptide"
"11492","Thyroliberin","Q28596","1","Peptide"
"11493","Somatoliberin","Q9BDH9;Q9N1F8;Q9TUJ0;Q9TUJ1","4","Peptide"
"11494","Somatotropin","Q28575","1","Peptide"
"11495","Gonadoliberin-2","Q5EFE0;Q9DDC9","2","Peptide"
"11496","Calcitonin-2","Q8AXU4","1","Peptide"
"11497","Calcitonin","Q60755","1","Peptide"
"11498","Glucagon","Q5EFJ9","1","Peptide"
"11499","Glucagon-like peptide","Q5EFJ9","1","Peptide"
"11500","Lipotropin gamma (Gamma-LPH)","Q6QLQ0;Q6QLQ1","2","Peptide"
"11501","Met-enkephalin","Q6QLQ0;Q6QLQ1","2","Peptide"
"11502","Glycoprotein hormones alpha chain","Q5GJ04;Q9BGN4","2","Peptide"
"11503","Neuropeptide-glutamic acid-isoleucine","Q8MIP5;Q8MIP6","2","Peptide"
"11504","Thyroliberin","O93603","1","Peptide"
"11505","Glycoprotein hormone beta-5","P47750","1","Peptide"
"11506","Glycoprotein hormone beta-5","P16473","1","Peptide"
"11507","[Tyr7;Gly10]-somatostatin-14","Q5G546;Q5G547","2","Peptide"
"11508","Gonadoliberin-2","Q9DE60;Q9DE62;Q9DE63","3","Peptide"
"11509","Gonadoliberin-1","Q76KC7;Q76L92;Q76L93;Q90VY1;Q90W00","5","Peptide"
"11510","Gonadoliberin-2","Q76KC7;Q76L92;Q76L93;Q90VY1;Q90W00","5","Peptide"
"11511","Nasal embryonic luteinizing hormone-releasing hormone factor","P30969","1","Peptide"
"11512","Ghrelin","Q99P50","1","Peptide"
"11513","Obestatin","Q99P50","1","Peptide"
"11514","Gonadoliberin-1","Q5TJK1;Q8UUS1","2","Peptide"
"11515","Corticotropin","Q683Z6;Q683Z7;Q6EWJ2","3","Peptide"
"11516","Melanotropin alpha (Alpha-MSH)","Q683Z6;Q683Z7;Q6EWJ2","3","Peptide"
"11517","Lipotropin beta (Beta-LPH)","Q683Z6;Q683Z7;Q6EWJ2","3","Peptide"
"11518","Lipotropin gamma (Gamma-LPH)","Q683Z6;Q683Z7;Q6EWJ2","3","Peptide"
"11519","Melanotropin beta (Beta-MSH)","Q683Z6;Q683Z7;Q6EWJ2","3","Peptide"
"11520","Glycoprotein hormones alpha chain","Q6QMG1;Q98T84;Q98T85","3","Peptide"
"11522","Leptin","Q32PD8;Q3SYT0;Q59HQ0;Q5KQU4;Q5KQU5","5","Peptide"
"11524","Leptin","Q4W810","1","Peptide"
"11526","Leptin","Q9I8V6;Q9IBA7","2","Peptide"
"11528","Leptin","B3Y063;B3Y064;B3Y065","3","Peptide"
"11531","Leptin","P48357;P48357;O95214;O15243;A8K2E3;Q6FHL5;Q6FHL7","7","Peptide"
"11532","Leptin","Q9MYL0","1","Peptide"
"11533","Leptin","P48356;Q9CQ74;O89013;A2AV64;A2AV69;Q3UNU8;Q3US58;Q545G9","8","Peptide"
"11537","Leptin","O02671","1","Peptide"
"11539","Leptin","Q62959;Q9JLS8;Q6PDU4","3","Peptide"
"11540","Leptin","Q863E2","1","Peptide"
"11544","Leptin","P48357;O95214;O15243;A8K2E3;Q6FHL5;Q6FHL7","6","Peptide"
"11545","Leptin","P48357;O95214;O15243;A8K2E3;Q6FHL5;Q6FHL7","6","Peptide"
"11546","Leptin","P48357;O95214;O15243;A8K2E3;Q6FHL5;Q6FHL7","6","Peptide"
"11566","Leptin","P48356;Q9CQ74;O89013;A2AV64;A2AV69;Q3UNU8;Q3US58;Q545G9","8","Peptide"
"11571","Renin","Q9CYN9","1","Peptide"
"11572","Renin","Q9CYN9","1","Peptide"
"11575","Renin","O75787;O75787","2","Peptide"
"11579","Renin","Q6AXS4","1","Peptide"
"11581","Renin","O75787","1","Peptide"
"11582","Renin","Q9CYN9","1","Peptide"
"11609","Urocortin-2 (Stresscopin-related peptide) (Urocortin II) (Ucn II) (Urocortin-related peptide)","Q13324;Q13324-2","2","Peptide"
"11636","Neuropeptide Y (NPY)","P79217","1","Peptide"
"11657","Urotensin-2 (Urotensin II) (U-II) (UII)","Q9UKP6","1","Peptide"
"11660","Urotensin-2 (Urotensin II) (U-II) (UII)","P49684","1","Peptide"
"11671","Urocortin","P34998;Q13324;Q13324-2","3","Peptide"
"11683","Tuberoinfundibular peptide of 39 residues (TIP39) (Parathyroid hormone 2)","Q03431;P49190","2","Peptide"
"11685","Tuberoinfundibular peptide of 39 residues (TIP39) (Parathyroid hormone 2)","Q1LZF7","1","Peptide"
"11687","Tuberoinfundibular peptide of 39 residues (TIP39) (Parathyroid hormone 2)","P41593;Q91V95","2","Peptide"
"11717","Urocortin-3 (Stresscopin) (Urocortin III) (Ucn III)","Q13324;Q13324-2","2","Peptide"
"11765","Islet amyloid polypeptide (Amylin) (Diabetes-associated peptide) (DAP) (Insulinoma amyloid peptide)","P30988","1","Peptide"
"11789","Insulin-like growth factor I (IGF-I) (Somatomedin)","Q29000","1","Peptide"
"11814","Endothelin-2 (ET-2) (Preproendothelin-2) (PPET2)","P25101;P24530","2","Peptide"
"11820","Calcitonin gene-related peptide 1 (Alpha-type CGRP) (Calcitonin gene-related peptide I) (CGRP-I)","Q16602","1","Peptide"
"11826","Endothelin-3 (ET-3) (Preproendothelin-3) (PPET3)","P25101;P24530","2","Peptide"
"11843","Calcitonin gene-related peptide 2 (Beta-type CGRP) (Beta-CGRP) (Calcitonin gene-related peptide II) (CGRP-II)","P30988;Q16602","2","Peptide"
"11967","Neuropeptide F (NPF) (dNPF)","Q9VNM1","1","Peptide"
"12076","Insulin-like growth factor I (IGF-I) (Somatomedin)","Q05688","1","Peptide"
"12079","Neuropeptide Y (NPY)","Q9WVD0","1","Peptide"
"12087","Urotensin-2 (Urotensin II) (U-II) (UII)","Q8HYC3","1","Peptide"
"12122","Tuberoinfundibular peptide of 39 residues (TIP39) (Parathyroid hormone 2)","P25961;P48442","2","Peptide"
"12136","Insulin-like growth factor I (IGF-I) (Somatomedin)","Q60751","1","Peptide"
"12217","Prolactin-4A1","Q08501","1","Peptide"
"12218","Prolactin-6A1","Q08501","1","Peptide"
"12221","NA","Q9UKP6","1","Peptide"
"12222","NA","Q8VIH9","1","Peptide"
"12227","Proto-oncogene Wnt-1","Q9UP38","1","Peptide"
"12250","Thrombopoietin","P40238","1","Peptide"
"12292","Secretoglobin family 3A member 2","Q9UEW3","1","Peptide"
"12367","CCN family member 3","P46531","1","Peptide"
"12390","Adiponectin","Q96A54;Q86V24;P55290","3","Peptide"
"12416","Bone morphogenetic protein 4","P36894;Q13873","2","Peptide"
"12433","Bone morphogenetic protein 7","Q13873","1","Peptide"
"12470","Bone morphogenetic protein 2","P36894;Q13873","2","Peptide"
"12498","Annexin A1","P25090","1","Peptide"
"12588","Humanin","P25090","1","Peptide"
"12615","Interleukin-27 subunit beta","Q6UWB1","1","Peptide"
"12618","Fibroblast growth factor 2","Q92896;P22455;Q8N441","3","Peptide"
"12623","Bone morphogenetic protein 2","P36898;P36895","2","Peptide"
"12659","Erythropoietin","P19235","1","Peptide"
"12702","Norrin","Q9ULV1;O75197","2","Peptide"
"12707","Prolactin-2A1","P05710","1","Peptide"
"12709","Prolactin-2B1","P05710","1","Peptide"
"12714","Prolactin-7A1","Q08501","1","Peptide"
"12715","Prolactin-7A2","Q08501","1","Peptide"
"12716","Prolactin-7A2","P05710","1","Peptide"
"12717","Prolactin-7B1","Q08501","1","Peptide"
"12718","Prolactin-7B1","P05710","1","Peptide"
"12719","Prolactin-7C1","Q08501","1","Peptide"
"12722","Prolactin-8A8","Q08501","1","Peptide"
"12736","Placenta growth factor","P17948;P17948-2","2","Peptide"
"12743","Interleukin-11","Q14626","1","Peptide"
"12754","Prolactin-4A1","P05710","1","Peptide"
"12764","Prolactin-3C1","P05710","1","Peptide"
"12766","Interleukin-6","P11717;P08887","2","Peptide"
"12771","Prolactin-3C1","Q08501","1","Peptide"
"12775","Prolactin-6A1","P05710","1","Peptide"
"12787","Prolactin-5A1","Q08501","1","Peptide"
"12793","Parathyroid hormone-related protein","Q03431","1","Peptide"
"12794","Parathyroid hormone-related protein","Q03431","1","Peptide"
"12795","Parathyroid hormone-related protein","Q03431","1","Peptide"
"12797","Natriuretic peptides A","P16066","1","Peptide"
"12798","Natriuretic peptides A","P16066","1","Peptide"
"12799","Natriuretic peptides A","P16066","1","Peptide"
"12800","Natriuretic peptides A","P16066","1","Peptide"
"12801","Natriuretic peptides A","P16066","1","Peptide"
"12859","VIP peptides","P30988;P32241;P41587","3","Peptide"
"12860","VIP peptides","P30988;P32241;P41587","3","Peptide"
"12861","VIP peptides","P30988;P32241;P41587","3","Peptide"
"12862","Protachykinin-1","P25103;P21452;P29371;P25103;P21452;P21452;P29371;O14786;P25103","9","Peptide"
"12863","Protachykinin-1","P25103;P21452;P29371;P25103;P21452;P21452;P29371;O14786;P25103","9","Peptide"
"12864","Protachykinin-1","P25103;P21452;P29371;P25103;P21452;P21452;P29371;O14786;P25103","9","Peptide"
"12865","Protachykinin-1","P25103;P21452;P29371;P25103;P21452;P21452;P29371;O14786;P25103","9","Peptide"
"12912","Pituitary adenylate cyclase-activating polypeptide","P35000","1","Peptide"
"12913","Pituitary adenylate cyclase-activating polypeptide","P35001","1","Peptide"
"12914","Pituitary adenylate cyclase-activating polypeptide","P35002","1","Peptide"
"12917","Orexigenic neuropeptide QRFP","Q96P65","1","Peptide"
"12919","Cortistatin","Q92847-1;Q96LB1;P30872;P30874;P32745;P31391;P35346","7","Peptide"
"12932","Natriuretic peptides B","P16066","1","Peptide"
"12933","Natriuretic peptides B","P16066","1","Peptide"
"12934","Natriuretic peptides B","P16066","1","Peptide"
"12935","Natriuretic peptides B","P16066","1","Peptide"
"12936","Natriuretic peptides B","P16066","1","Peptide"
"12937","Natriuretic peptides B","P16066","1","Peptide"
"12938","Natriuretic peptides B","P16066","1","Peptide"
"12939","Natriuretic peptides B","P16066","1","Peptide"
"12940","Natriuretic peptides B","P16066","1","Peptide"
"12941","Natriuretic peptides B","P16066","1","Peptide"
"12942","Natriuretic peptides B","P16066","1","Peptide"
"12943","Natriuretic peptides B","P16066","1","Peptide"
"12944","Natriuretic peptides B","P16066","1","Peptide"
"12945","Natriuretic peptides B","P16066","1","Peptide"
"12946","Natriuretic peptides B","P16066","1","Peptide"
"12947","Natriuretic peptides B","P16066","1","Peptide"
"12971","Hepcidin","Q9NP59","1","Peptide"
"12972","Hepcidin","Q9NP59","1","Peptide"
"12993","Angiotensinogen","P30556;P50052; P04201;P30556","4","Peptide"
"12994","Angiotensinogen","P30556;P50052; P04201;P30556","4","Peptide"
"12995","Angiotensinogen","P30556;P50052; P04201;P30556","4","Peptide"
"12996","Angiotensinogen","P30556;P50052; P04201;P30556","4","Peptide"
"12997","Angiotensinogen","P30556;P50052; P04201;P30556","4","Peptide"
"12998","Angiotensinogen","P30556;P50052; P04201;P30556","4","Peptide"
"12999","Angiotensinogen","P30556;P50052; P04201;P30556","4","Peptide"
"13000","Angiotensinogen","P30556;P50052; P04201;P30556","4","Peptide"
"13096","Vasopressin-neurophysin 2-copeptin","P47901;P30518","2","Peptide"
"13097","Vasopressin-neurophysin 2-copeptin","P47901;P30518","2","Peptide"
"13120","Insulin-like growth factor II","P11717;P06213","2","Peptide"
"13121","Insulin-like growth factor II","P11717;P06213","2","Peptide"
"13122","Insulin-like growth factor II","P11717;P06213","2","Peptide"
"13139","Endothelin-1","P25101;P24530","2","Peptide"
"13140","Endothelin-1","P25101;P24530","2","Peptide"
"13173","Neurotensin/neuromedin N","P30989;P08138;P30989;O95665;Q99523","5","Peptide"
"13174","Neurotensin/neuromedin N","P30989;P08138;P30989;O95665;Q99523","5","Peptide"
"13183","Neuromedin-U","Q9ESQ4;Q9JJI5","2","Peptide"
"13186","Neuromedin-B","P28336","1","Peptide"
"13187","Neuromedin-B","P28336","1","Peptide"
"13188","Neuromedin-B","O54799","1","Peptide"
"13189","Neuromedin-B","B2ZI34","1","Peptide"
"13190","Neuromedin-B","B2ZI35","1","Peptide"
"13191","Neuromedin-B","B2ZI36","1","Peptide"
"13198","Galanin peptides","P47211;O43603;O60755","3","Peptide"
"13199","Galanin peptides","P47211;O43603;O60755","3","Peptide"
"13207","Pro-adrenomedullin","Q16602;P30550;Q92896;Q96LB1","4","Peptide"
"13243","Prepronociceptin","P41146","1","Peptide"
"13295","Neuromedin-U","O55040;Q8BZ39","2","Peptide"
"13309","Pro-neuropeptide Y","P25929;P49146;P50391;Q15761","4","Peptide"
"13310","Pro-neuropeptide Y","P25929;P49146;P50391;Q15761","4","Peptide"
"13311","Metastasis-suppressor KiSS-1","Q969F8;Q969F8","2","Peptide"
"13312","Metastasis-suppressor KiSS-1","Q969F8;Q969F8","2","Peptide"
"13313","Metastasis-suppressor KiSS-1","Q969F8;Q969F8","2","Peptide"
"13314","Metastasis-suppressor KiSS-1","Q969F8;Q969F8","2","Peptide"
"13326","Pituitary adenylate cyclase-activating polypeptide","Q28992","1","Peptide"
"13327","Pituitary adenylate cyclase-activating polypeptide","Q28993","1","Peptide"
"13328","Pituitary adenylate cyclase-activating polypeptide","Q28994","1","Peptide"
"13346","Promotilin","O43193","1","Peptide"
"13347","Promotilin","O43193","1","Peptide"
"13348","Promotilin","O43193","1","Peptide"
"13354","Peptide YY","P25929;P49146;P50391;Q15761;P49146;P50391;Q15761","7","Peptide"
"13355","Peptide YY","P25929;P49146;P50391;Q15761;P49146;P50391;Q15761","7","Peptide"
"13356","Tachykinin-3","P21452;P29371;P25103","3","Peptide"
"13361","Pro-FMRFamide-related neuropeptide FF","Q9GZQ6;Q9Y5X5","2","Peptide"
"13362","Pro-FMRFamide-related neuropeptide FF","Q9GZQ6;Q9Y5X5","2","Peptide"
"13363","Pro-FMRFamide-related neuropeptide FF","Q9GZQ6;Q9Y5X5","2","Peptide"
"13375","Pituitary adenylate cyclase-activating polypeptide","P97751","1","Peptide"
"13376","Pituitary adenylate cyclase-activating polypeptide","P97752","1","Peptide"
"13377","Pituitary adenylate cyclase-activating polypeptide","P97753","1","Peptide"
"13380","Pituitary adenylate cyclase-activating polypeptide","P32241;P41587","2","Peptide"
"13381","Pituitary adenylate cyclase-activating polypeptide","P32241;P41587","2","Peptide"
"13382","Pituitary adenylate cyclase-activating polypeptide","P32241;P41587","2","Peptide"
"13428","Vitronectin","P06756","1","Peptide"
"13436","Slit homolog 2 protein","P35052;Q9Y6N7;Q9HCK4; P35052;","5","Peptide"
"13444","NA","P20594","1","Peptide"
"13461","NA","Q16602","1","Peptide"
"13489","NA","P35414;P35414;P35414;P35414","4","Peptide"
"13525","Fibroblast growth factor 23","Q9UEF7;P11362;P22607;P22455","4","Peptide"
"13531","NA","Q8WXD0","1","Peptide"
"13581","NA","Q8TDU9","1","Peptide"
"13585","Fibrinogen alpha chain","P06756","1","Peptide"
"13658","Stromal cell-derived factor 1","P30991;P30991","2","Peptide"
"13916","Bradykinin","P46663;P30411;P46663;P30411","4","Peptide"
"13917","Lysyl-bradykinin","P46663;P30411;P46663;P30411","4","Peptide"
"13918","T-kinin","P46663;P30411;P46663;P30411","4","Peptide"
"14997","Neuropeptide NPSF","Q9GZQ6;Q9GZQ6;Q9GZQ6","3","Peptide"
"14998","Neuropeptide NPVF","Q9GZQ6;Q9GZQ6;Q9GZQ6","3","Peptide"
"14999","Neuropeptide RFRP-1","Q9GZQ6;Q9GZQ6;Q9GZQ6","3","Peptide"
"15840","Neuromedin-S","Q58CW4","1","Peptide"
"15842","Neuromedin-U-25","Q9HB89;Q9GZQ4","2","Peptide"
"15849","Neuropeptide B-23","P48145;P48146;P48145;P48146","4","Peptide"
"15850","Neuropeptide B-29","P48145;P48146;P48145;P48146","4","Peptide"
"15851","Neuropeptide W-23","P48145;P48146;P48145;P48146","4","Peptide"
"15852","Neuropeptide W-30","P48145;P48146;P48145;P48146","4","Peptide"
"15858","Neuropeptide S","Q6W5P4","1","Peptide"
"15875","Neurotensin","O88319","1","Peptide"
"15920","RYamide-1","G4WMX4","1","Peptide"
"15921","RYamide-2","G4WMX5","1","Peptide"
"16048","Alpha-neoendorphin","P41145;P35372;P41143;Q05586;Q12879;Q13224;Q14957;P41145;P35372;P41143;P41145;P35372;P41145;P35372","14","Peptide"
"16049","Beta-neoendorphin","P41145;P35372;P41143;Q05586;Q12879;Q13224;Q14957;P41145;P35372;P41143;P41145;P35372;P41145;P35372","14","Peptide"
"16050","Big dynorphin","P41145;P35372;P41143;Q05586;Q12879;Q13224;Q14957;P41145;P35372;P41143;P41145;P35372;P41145;P35372","14","Peptide"
"16051","Dynorphin A(1-13)","P41145;P35372;P41143;Q05586;Q12879;Q13224;Q14957;P41145;P35372;P41143;P41145;P35372;P41145;P35372","14","Peptide"
"16052","Dynorphin A(1-17)","P41145;P35372;P41143;Q05586;Q12879;Q13224;Q14957;P41145;P35372;P41143;P41145;P35372;P41145;P35372","14","Peptide"
"16053","Leu-enkephalin","P41145;P35372;P41143;Q05586;Q12879;Q13224;Q14957;P41145;P35372;P41143;P41145;P35372;P41145;P35372","14","Peptide"
"16054","Leumorphin","P41145;P35372;P41143;Q05586;Q12879;Q13224;Q14957;P41145;P35372;P41143;P41145;P35372;P41145;P35372","14","Peptide"
"16055","Rimorphin","P41145;P35372;P41143;Q05586;Q12879;Q13224;Q14957;P41145;P35372;P41143;P41145;P35372;P41145;P35372","14","Peptide"
"16066","Beta-neoendorphin","P14600;P16610","2","Peptide"
"16587","Drm-PK-1 2-15","Q8ITC9","1","Peptide"
"16754","Eledoisin","P30098;P30547;Q64077","3","Peptide"
"16756","Substance P","P25103","1","Peptide"
"16767","Substance P","P14600","1","Peptide"
"16768","Substance P","P16177;P16610","2","Peptide"
"16992","Somatostatin-28","P28646;P30680;P30936;P30937;P30938","5","Peptide"
"17069","Root meristem growth factor 3","C0LGV1;Q9LHP4","2","Peptide"
"17070","Root meristem growth factor 2","C0LGV1;Q9LHP5","2","Peptide"
"17073","Root meristem growth factor 7","C0LGV1;Q9LHP6","2","Peptide"
"17162","Galanin-like peptide","O43603","1","Peptide"
"17163","Alpha-1-acid glycoprotein 1","P51681","1","Peptide"
"17164","Glucose-6-phosphate isomerase","Q9UKV5","1","Peptide"
"17165","Angiopoietin-1","Q02763","1","Peptide"
"17166","Angiopoietin-2","Q02763","1","Peptide"
"17167","Angiopoietin-4","Q02763","1","Peptide"
"17168","Apolipoprotein B-100","P16671;P16671","2","Peptide"
"17169","Proapolipoprotein A-I","O60494;Q8WTV0;Q8WTV0","3","Peptide"
"17170","Apolipoprotein E","P01130;Q07954;Q8WTV0","3","Peptide"
"17171","Proapolipoprotein A-II","Q8WTV0","1","Peptide"
"17172","Tumor necrosis factor ligand superfamily member 13","O14836;Q02223","2","Peptide"
"17173","Artemin","P56159;O00451;O60609","3","Peptide"
"17175","C-X-C motif chemokine 13","P32302","1","Peptide"
"17176","NA","P51684","1","Peptide"
"17177","NA","P51684","1","Peptide"
"17178","NA","Q15399;O60603","2","Peptide"
"17179","Probetacellulin","O14672;P00533;Q15303","3","Peptide"
"17180","Growth/differentiation factor 11","P27037","1","Peptide"
"17181","Bone morphogenetic protein 5","Q04771","1","Peptide"
"17182","Bone morphogenetic protein 6","Q04771;Q13705;Q13873","3","Peptide"
"17183","BDNF precursor form","P08138;Q16620","2","Peptide"
"17184","Calmodulin-1","Q8NER1","1","Peptide"
"17185","Cardiotrophin-1","P40189","1","Peptide"
"17186","C-C motif chemokine 2","Q9NPB9;P41597;P51679;O00590","4","Peptide"
"17187","C-C motif chemokine 1","P51685","1","Peptide"
"17188","C-C motif chemokine 21","Q9NPB9;P32248","2","Peptide"
"17189","C-C motif chemokine 27","P46092","1","Peptide"
"17190","C-C motif chemokine 28","P46092;P51677","2","Peptide"
"17191","CD40 ligand; membrane form","P25942;P78324","2","Peptide"
"17192","T-cell surface glycoprotein CD5","P06127;P21854","2","Peptide"
"17193","CD5 antigen-like","P06127","1","Peptide"
"17194","Retinoic acid receptor responder protein 2","Q99788","1","Peptide"
"17195","Chemokine-like factor","P51679","1","Peptide"
"17197","Cardiotrophin-like cytokine factor 1","P26992;P40189;P42702","3","Peptide"
"17198","Ciliary neurotrophic factor","P26992","1","Peptide"
"17199","C-X-C motif chemokine 11","P49682","1","Peptide"
"17200","C-X-C motif chemokine 16","O00574","1","Peptide"
"17201","Desert hedgehog protein","Q13635","1","Peptide"
"17202","Dickkopf-related protein 1","Q96MU8;Q8NCW0;O75197;O75581","4","Peptide"
"17203","Dickkopf-related protein 2","Q8NCW0","1","Peptide"
"17204","Dickkopf-related protein 4","Q8NCW0","1","Peptide"
"17205","Aminoacyl tRNA synthase complex-interacting multifunctional protein 1","P49682","1","Peptide"
"17206","C-X-C motif chemokine 5","P25024;P25025","2","Peptide"
"17208","Eotaxin","P51677","1","Peptide"
"17209","C-C motif chemokine 24","P51677","1","Peptide"
"17210","C-C motif chemokine 26","P51677","1","Peptide"
"17211","Ephrin-A4","Q9UF33","1","Peptide"
"17212","Ephrin-B2","P54760","1","Peptide"
"17213","Alpha-2-HS-glycoprotein chain A","P06213","1","Peptide"
"17214","Fibroblast growth factor 1","Q92896;P11362;P21802;P22607;P22455","5","Peptide"
"17215","Fibroblast growth factor 10","P21802","1","Peptide"
"17216","Fibroblast growth factor 12","Q9UI33","1","Peptide"
"17217","Fibroblast growth factor 16","P11362;P21802;P22607","3","Peptide"
"17218","Fibroblast growth factor 18","P22455","1","Peptide"
"17219","Fibroblast growth factor 19","P22455;Q86Z14","2","Peptide"
"17220","Fibroblast growth factor 20","P11362;P21802;P22607","3","Peptide"
"17221","Fibroblast growth factor 21","P11362;Q86Z14","2","Peptide"
"17222","Fibroblast growth factor 22","P11362;P21802","2","Peptide"
"17223","Fibroblast growth factor 3","Q92896","1","Peptide"
"17224","Fibroblast growth factor 5","P11362;P21802","2","Peptide"
"17225","Fibroblast growth factor 6","P22455","1","Peptide"
"17226","Fibroblast growth factor 7","P21802","1","Peptide"
"17227","Fibroblast growth factor 9","P11362;P21802;P22607;P22455","4","Peptide"
"17228","Fibronectin","P06756","1","Peptide"
"17229","Fms-related tyrosine kinase 3 ligand","P36888","1","Peptide"
"17230","Fractalkine","P78536;P49238","2","Peptide"
"17231","Galanin-like peptide","O43603","1","Peptide"
"17232","Galectin-1","Q16581;Q8WXI7;P06729; P01730;P08575;P06731;P09564;  Q08380;","9","Peptide"
"17233","Galectin-3","P09564;P05556","2","Peptide"
"17235","Galectin-9","Q8TDQ0","1","Peptide"
"17236","Cobalamin binding intrinsic factor","O60494","1","Peptide"
"17237","C-X-C motif chemokine 6","P25024","1","Peptide"
"17238","Granulocyte colony-stimulating factor","Q99062","1","Peptide"
"17239","Embryonic growth/differentiation factor 1","Q8NER5;P36896","2","Peptide"
"17240","Growth/differentiation factor 3","Q8NER5;P36896","2","Peptide"
"17241","Growth/differentiation factor 5","O00238","1","Peptide"
"17242","Growth/differentiation factor 6","P36894;Q13873","2","Peptide"
"17243","Growth/differentiation factor 8","Q13705","1","Peptide"
"17244","Growth/differentiation factor 9","Q13873","1","Peptide"
"17245","Glial cell line-derived neurotrophic factor","P56159;O00451","2","Peptide"
"17246","Granulocyte-macrophage colony-stimulating factor","P32927;P15509","2","Peptide"
"17247","Fibroblast growth factor 4","Q96P88","1","Peptide"
"17248","Progranulin","Q9NR96","1","Peptide"
"17249","Gremlin-1","P35968","1","Peptide"
"17250","Growth-regulated alpha protein","P25024;P25025","2","Peptide"
"17251","C-X-C motif chemokine 2","P25024;P25025","2","Peptide"
"17252","C-X-C motif chemokine 3","P25024;P25025","2","Peptide"
"17253","Proheparin-binding EGF-like growth factor","P78536;P21926;P00533;Q15303","4","Peptide"
"17255","C-C motif chemokine 14","P32246;P51677;P51681","3","Peptide"
"17256","Choriogonadotropin subunit beta 3","P22888","1","Peptide"
"17257","Choriogonadotropin subunit beta 7","P22888","1","Peptide"
"17258","Hepatocyte growth factor alpha chain","P08581","1","Peptide"
"17260","Interferon alpha-1/13","P20023;P48551","2","Peptide"
"17261","Interferon beta","P48551","1","Peptide"
"17262","Interferon gamma","P15260;P38484","2","Peptide"
"17263","Insulin-like growth factor I","P08069;P06213","2","Peptide"
"17264","Insulin-like growth factor I","P08069","1","Peptide"
"17265","Interleukin-1 alpha","P14778;P27930","2","Peptide"
"17266","Interleukin-1 beta","P14778;P27930","2","Peptide"
"17267","Interleukin-10","Q13651;Q08334","2","Peptide"
"17268","Interleukin-13","P24394","1","Peptide"
"17269","Interleukin-15","Q13261","1","Peptide"
"17270","Interleukin-17A","Q96F46","1","Peptide"
"17271","Interleukin-17B","Q96F46;Q9NRM6","2","Peptide"
"17272","Interleukin-17D","Q6UWB1","1","Peptide"
"17273","Interleukin-25","Q9NRM6","1","Peptide"
"17274","Interleukin-17F","Q96F46","1","Peptide"
"17275","Interleukin-18","Q13478;O95256","2","Peptide"
"17276","Interleukin-19","Q9UHF4;Q6UXL0","2","Peptide"
"17277","Interleukin-37","Q9NRM6","1","Peptide"
"17278","Interleukin-36 gamma","Q9HB29","1","Peptide"
"17279","Interleukin-36 gamma","Q9HB29","1","Peptide"
"17280","Interleukin-1 receptor antagonist protein","P14778;P27930","2","Peptide"
"17281","Interleukin-2","P01589;P14784","2","Peptide"
"17282","Interleukin-20","Q9UHF4;Q6UXL0;Q8N6P7","3","Peptide"
"17283","Interleukin-21","Q9HBE5","1","Peptide"
"17284","Interleukin-22","Q08334;Q8N6P7","2","Peptide"
"17285","Interleukin-26","Q08334;Q9UHF4","2","Peptide"
"17286","Interferon lambda-2","Q08334;Q8IU57-1","2","Peptide"
"17287","Interferon lambda-3","Q08334;Q8IU57-4;Q8IU57-1","3","Peptide"
"17288","Interferon lambda-1","Q08334;Q8IU57-1","2","Peptide"
"17289","Interleukin-3","P32927; P26951","2","Peptide"
"17290","Interleukin-33","Q01638","1","Peptide"
"17291","Interleukin-34","P07333","1","Peptide"
"17292","Interleukin-4","P24394","1","Peptide"
"17293","Interleukin-5","P32927;Q01344;Q01344","3","Peptide"
"17294","Interleukin-7","P16871","1","Peptide"
"17295","MDNCF-a","P25024;P25025","2","Peptide"
"17296","Interleukin-9","Q01113","1","Peptide"
"17297","C-X-C motif chemokine 10","P51677;P49682","2","Peptide"
"17298","Lymphocyte function-associated antigen 3","P06729","1","Peptide"
"17299","Tumor necrosis factor ligand superfamily member 14; membrane form","Q92956;P36941","2","Peptide"
"17300","C-C motif chemokine 8","Q9NPB9","1","Peptide"
"17301","C-C motif chemokine 7","P32246;P41597;P51677;O00590","4","Peptide"
"17302","C-C motif chemokine 13; long chain","Q9NPB9;P41597;P51677","3","Peptide"
"17303","Macrophage colony-stimulating factor 1","P11717;P07333","2","Peptide"
"17304","C-C motif chemokine 22","P51679","1","Peptide"
"17305","Macrophage migration inhibitory factor","P04233","1","Peptide"
"17306","C-X-C motif chemokine 9","P49682","1","Peptide"
"17307","C-C motif chemokine 3","P32246;P51681;O00590","3","Peptide"
"17308","C-C motif chemokine 4","P32246;P51681","2","Peptide"
"17309","C-C motif chemokine 15","P32246;P51677","2","Peptide"
"17310","C-C motif chemokine 20","P51684","1","Peptide"
"17311","C-C motif chemokine 19","Q9NPB9;P32248","2","Peptide"
"17312","Midkine","P23467","1","Peptide"
"17313","C-C motif chemokine 23","P32246","1","Peptide"
"17314","Hepatocyte growth factor-like protein","Q04912","1","Peptide"
"17315","Mucin-1","P41180","1","Peptide"
"17316","Mucin-1","P78536","1","Peptide"
"17317","Platelet basic protein","P25024;P25025","2","Peptide"
"17319","Netrin-1","P43146;Q92859;Q6ZN44;Q8IZJ1-1;Q8IZJ1-2;O95185;Q6UXZ4","7","Peptide"
"17320","Netrin-4","P43146;Q6ZN44","2","Peptide"
"17321","Pro-neuregulin-1; membrane-bound isoform","P04626","1","Peptide"
"17322","Pro-neuregulin-1; membrane-bound isoform","P21860;Q15303","2","Peptide"
"17323","Pro-neuregulin-1; membrane-bound isoform","P21860;Q15303;P04626","3","Peptide"
"17324","Pro-neuregulin-2; membrane-bound isoform","P21860;Q15303","2","Peptide"
"17325","Pro-neuregulin-3; membrane-bound isoform","Q15303","1","Peptide"
"17326","Pro-neuregulin-4; membrane-bound isoform","Q15303","1","Peptide"
"17327","Neurotrophin-3","P08138;Q16288","2","Peptide"
"17328","Neurotrophin-4","P08138;Q16620","2","Peptide"
"17329","Neurturin","P56159;O00451","2","Peptide"
"17330","NA","Q07954","1","Peptide"
"17331","Beta-nerve growth factor","Q8NER5;P08138;P04629;Q8NER1","4","Peptide"
"17332","Nodal homolog","P36896;Q8NER5;P27037","3","Peptide"
"17333","Osteocalcin","Q5T6X5","1","Peptide"
"17335","Tumor necrosis factor ligand superfamily member 4","P43489","1","Peptide"
"17336","C-C motif chemokine 18","P51677","1","Peptide"
"17337","Platelet-derived growth factor subunit A","P16234","1","Peptide"
"17338","Platelet-derived growth factor C; latent form","P16234","1","Peptide"
"17339","Platelet-derived growth factor D; latent form","P09619","1","Peptide"
"17340","Programmed cell death 1 ligand 1","Q15116","1","Peptide"
"17341","Programmed cell death 1 ligand 2","Q15116","1","Peptide"
"17342","Platelet endothelial cell adhesion molecule","P28907","1","Peptide"
"17343","Basement membrane-specific heparan sulfate proteoglycan core protein","Q14118;","2","Peptide"
"17344","Persephin","Q9GZZ7","1","Peptide"
"17345","Platelet factor 4","P49682","1","Peptide"
"17346","Pigment epithelium-derived factor","P35968","1","Peptide"
"17347","Placenta growth factor","P17948","1","Peptide"
"17348","Placenta growth factor","P17948;Q9H2E2;O14786","3","Peptide"
"17349","Proprotein convertase subtilisin/kexin type 9","P01130","1","Peptide"
"17350","Prostate-specific antigen","Q07954","1","Peptide"
"17351","Pleiotrophin","Q9UM73;P23467;O75056","3","Peptide"
"17352","C-C motif chemokine 5","P32246;P51677;P51681;O00590","4","Peptide"
"17353","NA","Q8WXD0","1","Peptide"
"17354","NA","Q8WXD0","1","Peptide"
"17355","CD166 antigen","Q13740;P30203","2","Peptide"
"17356","Semaphorin-3B","Q9H2E2;O14786","2","Peptide"
"17357","Semaphorin-3C","Q9H2E2;Q9UIW2","2","Peptide"
"17358","Semaphorin-3D","O14786","1","Peptide"
"17359","Semaphorin-3E","Q9Y4D7","1","Peptide"
"17360","Semaphorin-3F","Q9H2E2;Q9UIW2","2","Peptide"
"17361","Semaphorin-4D","P08581;P21854;O43157;O15031","4","Peptide"
"17362","Serotransferrin","P02786;Q9UP52","2","Peptide"
"17363","Sonic hedgehog protein","Q13635","1","Peptide"
"17364","Sialoadhesin","Q14242","1","Peptide"
"17365","Signaling lymphocytic activation molecule","Q13291","1","Peptide"
"17366","Slit homolog 1 protein","Q9Y6N7;","2","Peptide"
"17367","Desmoglein-2","P78536","1","Peptide"
"17369","E-selectin","Q92896","1","Peptide"
"17370","P-selectin","Q14242","1","Peptide"
"17371","P-selectin glycoprotein ligand 1","Q9BZZ2;P16581;P16109;P14151","4","Peptide"
"17372","C-C motif chemokine 17","P51679","1","Peptide"
"17373","C-C motif chemokine 25","Q9NPB9;P51686","2","Peptide"
"17374","C-C motif chemokine 25","P51686","1","Peptide"
"17376","Protransforming growth factor alpha","P78536;P21926;P00533","3","Peptide"
"17377","Latency-associated peptide","P37173;Q6EMK4","2","Peptide"
"17378","Transforming growth factor beta-2 proprotein","P37173;Q03167;Q6EMK4","3","Peptide"
"17379","Transforming growth factor beta-2 proprotein","P37173;Q03167;Q6EMK4","3","Peptide"
"17380","Latency-associated peptide","P37173;Q6EMK4","2","Peptide"
"17381","Thrombospondin-1","P06756;P16671","2","Peptide"
"17383","Tumor necrosis factor; membrane form","P78536;P19438;P20333","3","Peptide"
"17384","Lymphotoxin-alpha","P36941;P19438","2","Peptide"
"17385","Lymphotoxin-beta","P36941","1","Peptide"
"17386","Tumor necrosis factor ligand superfamily member 10","O00220;O14763;O14798;Q9UBN6","4","Peptide"
"17387","Tumor necrosis factor ligand superfamily member 12; membrane form","Q9NP84","1","Peptide"
"17388","Tumor necrosis factor ligand superfamily member 15; membrane form","Q93038;O95407","2","Peptide"
"17389","Tumor necrosis factor ligand superfamily member 18","Q9Y5U5","1","Peptide"
"17391","Urokinase-type plasminogen activator","Q9UBG0;Q03405-1","2","Peptide"
"17392","Secretoglobin family 3A member 1","Q9UEW3","1","Peptide"
"17394","Vascular endothelial growth factor A","Q9H2E2","1","Peptide"
"17395","Vascular endothelial growth factor A","P35052;O14786;P17948-2;P17948;P35968","5","Peptide"
"17396","Vascular endothelial growth factor B","O14786;P17948-2;P17948","3","Peptide"
"17397","Vascular endothelial growth factor C","P35968;P35916","2","Peptide"
"17398","Vascular endothelial growth factor D","P35968;P35916","2","Peptide"
"17399","Nicotinamide phosphoribosyltransferase","P06213","1","Peptide"
"17400","von Willebrand antigen 2","P06756","1","Peptide"
"17401","Protein Wnt-2","Q9UP38","1","Peptide"
"17402","Proto-oncogene Wnt-3","Q9UP38","1","Peptide"
"17403","Protein Wnt-3a","Q9UP38","1","Peptide"
"17404","Protein Wnt-5a","Q13467","1","Peptide"
"17405","Protein Wnt-7a","Q9ULW2;O00144","2","Peptide"
"17406","Protein Wnt-7b","Q9ULW2","1","Peptide"
"17407","Protein Wnt-8a","Q9H461;O00144","2","Peptide"
"17408","Protein Wnt-8b","Q9H461;O00144","2","Peptide"
"17409","Protein Wnt-9a","Q9ULV1;O75084;O00144","3","Peptide"
